id	bin_maj	bin_one	bin_all	multi_maj	disagree_bin
f3b81af2f6852bf1b9896629525d2f41	1	1	1	3-Stark	0
cf8b8bac7165144bb62b399a98843366	0	0	0	0-Kein	0
0c45cdf4cca5eec566d6dd53653b532b	1	1	1	4-Extrem	0
3a60877d2c04ba65f457f7cc3e003169	0	1	0	0-Kein	1
f389b63364d8da93860e3c7e6569bf5b	1	1	1	4-Extrem	0
c4deffb1fa017d090053d5d8782b34a1	0	1	0	0-Kein	1
655a110e3ed0bbaba02eef34d72d95a9	1	1	0	4-Extrem	1
1262cf5ef164675761bc6c3503cb3fa5	1	1	1	4-Extrem	0
9b7321d7751611380c0a1fd1856a400c	0	1	0	0-Kein	1
35579b693f80b8803c677c914aeb8bfe	0	0	0	0-Kein	0
8b47b2c308c8de2068c85e5d463eaa75	1	1	0	1-Gering	1
bf0e755b7170d0fa20fa0cce6462412c	0	1	0	0-Kein	1
fb636fb4e558368238ee462abecb9304	0	0	0	0-Kein	0
3ef82730900a1af256a8acbd579c776c	1	1	1	4-Extrem	0
ed276fa29e8be1d93af7e5ec5e7995a0	1	1	1	4-Extrem	0
a0f7ef24735174345426414906630d85	1	1	1	4-Extrem	0
ac7534bd7735429f4ccc93bd85e5494d	1	1	1	4-Extrem	0
b76c086303ecbe70711e970f7267cba8	1	1	0	1-Gering	1
ca8a4e1f7e4413e745030674b6774016	0	0	0	0-Kein	0
b000e71ce21c30246ae00a46790b4471	1	1	0	3-Stark	1
6bba0d93d28a17c66fd61cfb5125dbdc	1	1	1	1-Gering	0
a04498a3508429e1d91d421f6e21e86c	1	1	1	4-Extrem	0
aa8fbb4c481171e0dd2e73f3075c72da	1	1	1	4-Extrem	0
03b9cb99cfebe70ec78168e2ea1589a2	1	1	0	4-Extrem	1
b9d91dd703b95ca6dcb8bb362002931a	1	1	1	4-Extrem	0
61135f4ea08c879471185741a8919ce5	1	1	1	4-Extrem	0
1465526e48574305737a900597aa87de	0	0	0	0-Kein	0
5e963844cb458a89b02f47baf23cdbad	1	1	0	4-Extrem	1
3f45aef75acd8bd1bb7785d670cff6d3	0	0	0	0-Kein	0
35641a0507e0b7e4d8790abe9e922b6a	0	0	0	0-Kein	0
300d0d5d970960ebab6f987a43479336	1	1	1	4-Extrem	0
9a2203ba6cb1b1991e82c7ca30cb3984	0	0	0	0-Kein	0
4f28214873dbbfddc503e2088e5901f0	0	0	0	0-Kein	0
90ff974b9d441ce6fa2d25debbe7b131	0	0	0	0-Kein	0
351b394113789f781aafc91232e1882a	0	1	0	0-Kein	1
2359d685ce73a111b3fb57675551aafb	0	0	0	0-Kein	0
0d8314d1583c40ad88d56f08a0c79eb8	0	0	0	0-Kein	0
7b6941bd28e0df97475021bd79165f33	0	0	0	0-Kein	0
b4cea42457e770bf2334fe50a933e38b	0	1	0	0-Kein	1
4be661d930588de2197d87e30c7506b2	0	0	0	0-Kein	0
a4902fe0781ed8cda42cb341073da220	0	1	0	0-Kein	1
d94391f17be6e633b3785a750d308357	0	0	0	0-Kein	0
e7eccf994f78803ce094d24af0837d7e	0	0	0	0-Kein	0
1b20b3243541bd540be021f7959b56bc	0	0	0	0-Kein	0
f66cc5f56f148bc94314aa5af7f28198	0	0	0	0-Kein	0
bd11df795f961367203320dae201854d	0	0	0	0-Kein	0
af19e726c06e03eb0d3d9eb87568a657	0	0	0	0-Kein	0
2246d52f7ca29d575c7ce9afe331c561	0	0	0	0-Kein	0
f582fa9719cb57c8a72099da91300f81	0	0	0	0-Kein	0
b369ab1bf24608c9a50e50e5f97d1bb1	0	1	0	0-Kein	1
f51b35adbf67ff6efbcca54a0e7a56db	0	0	0	0-Kein	0
97b7b9cdfe4bbbf5f0ea972e1328afcc	1	1	1	4-Extrem	0
0925d4e44a17b09468a5b8d735352c52	0	0	0	0-Kein	0
bffc8c506ac55a5fb674a1ff22f53331	1	1	1	4-Extrem	0
a40a961cd0a7db91a3a8cfa4a80e449c	0	0	0	0-Kein	0
a5177ba5cce2b39a100f0da960711411	1	1	0	4-Extrem	1
f68ac05844763a23a7cd342a1272b1aa	0	0	0	0-Kein	0
d61e3305ee6918b5ae95602b0e52f159	1	1	1	4-Extrem	0
7a5748f632689f08b02f403854e2c881	0	1	0	0-Kein	1
b0c0ec2e7cc47e7654b479c0f2862b41	0	0	0	0-Kein	0
59773312fb3a900c3009edba963c9297	0	0	0	0-Kein	0
9ef45101a285ca73b936c6fcb4b126a4	0	1	0	0-Kein	1
7cf7c4881f1ba5e84d7102e302c5b503	0	0	0	0-Kein	0
fb5a2b98d51e0aa82c9273fbbc4bd2af	0	1	0	0-Kein	1
dc1f786ed9672b31fab2f8d9fac0c07c	0	0	0	0-Kein	0
a86603c373530bf06c93bd377fed517b	0	0	0	0-Kein	0
6a6e7894c5ffef1e7f569e259900cd56	0	0	0	0-Kein	0
adc8abc3a8b31e24a50175fe76fe8851	0	0	0	0-Kein	0
4bbc86349aeaa6ec19003528faa58fbe	0	1	0	0-Kein	1
d840ed3355c18dad2a4adfe1f517cf08	1	1	0	2-Vorhanden	1
03740f051896b0877854c37384b39927	0	0	0	0-Kein	0
09838b7a65ad3f52ba18267562394f0c	0	0	0	0-Kein	0
d5ebb8bad3705c93f1d1454b13bbc12d	1	1	0	4-Extrem	1
efc98e30f51e05b2d7dd044f20ff9863	0	1	0	0-Kein	1
e1d91b3daef9937785e63b61786e2c2f	1	1	1	4-Extrem	0
613bf629ce723b595983210aad7dacc6	0	1	0	0-Kein	1
0793b3068e75b1cb54b67e5cda650459	0	0	0	0-Kein	0
b4648ff2afa3a71e70e99ae288c93e5f	1	1	1	4-Extrem	0
e82c04fdd986cda5cd2826a81e0c9f7f	1	1	0	2-Vorhanden	1
640a999e5e95fa9dc773163f27bfe875	0	0	0	0-Kein	0
0359e8a5d3aa987543c4b454d9483357	0	0	0	0-Kein	0
7ec8df7f5564fe08da424609f6538573	1	1	1	4-Extrem	0
a1f09ae3e9532b81961245e44cc81753	1	1	1	4-Extrem	0
54b874debf2947c1e8eede2780cb5b99	1	1	0	4-Extrem	1
23727a0f03dba6c92395dc3dcec2bf10	1	1	1	4-Extrem	0
6f7fb71e71a681ec121106b09b4c3327	1	1	0	1-Gering	1
bb14074a708282f940c279f18901523f	0	1	0	0-Kein	1
1cb33025c59084be01e10e74b82a5d23	0	1	0	0-Kein	1
005641ca7a60024bbb72f6c8ab12c0b4	0	0	0	0-Kein	0
baaa4dbf25ad67ca88a9cb13be25e356	0	0	0	0-Kein	0
bd7703b44e8322ada432e3888bcd0694	0	0	0	0-Kein	0
413665aac41583f90faee9c528a78a7c	1	1	1	4-Extrem	0
ccd9a3dbefc985a5cfaf756d085876d7	1	1	1	2-Vorhanden	0
d6680282cfe065ca559ff0c709e45a04	1	1	1	1-Gering	0
ddbcfc2ddfb204913ee3ffacd60bb099	0	0	0	0-Kein	0
7d90a89aede36494d135e33c0f86d605	0	0	0	0-Kein	0
975d9b704153e8caf1baf1817c1c720d	1	1	1	4-Extrem	0
20293a5c3e4d8a85b9db44ca298e6764	0	1	0	0-Kein	1
f61930754dac35ce8a2d1933adffddfa	1	1	1	4-Extrem	0
d3908d49233ef7851b0c7336d95404dc	0	1	0	0-Kein	1
6eb8053685235e1011eb9156978b154f	0	0	0	0-Kein	0
9ebefe8cb27040105f3593f788b68797	1	1	0	4-Extrem	1
566435fd06f23b6c7fd1d775d89cf098	1	1	1	4-Extrem	0
553f6f6401bc9d46a1cb0ec1e7557093	0	0	0	0-Kein	0
3e1ef275070f11992ef43c3af73bebc8	1	1	1	4-Extrem	0
1480580ba633f339cf2bed3cf51a6228	1	1	0	4-Extrem	1
8196fa7e8f5458ab5f796f9ab1d2e35e	1	1	1	4-Extrem	0
a77ba911749dcddf9e829b6109ec6659	1	1	1	4-Extrem	0
11e575e12f717744e5ff61fa5e86bfc2	0	0	0	0-Kein	0
ff938b4061e6321906ce9ee649ed1bbe	0	0	0	0-Kein	0
cb084b0779fa73ad550eb528d46443c6	0	0	0	0-Kein	0
63514262f8a18a45878bb4d47144d769	1	1	1	1-Gering	0
468f54ede883b9c0c0b154f1c4095813	0	1	0	0-Kein	1
3e3272d41afc08b86cc38e0490030168	0	1	0	0-Kein	1
70fed2fdd931923ccb8f29b9c9cf3b9c	0	0	0	0-Kein	0
02a9190d776d707026ca88cab45f1eaa	0	1	0	0-Kein	1
4736d78fb4c2ef863dc3ffc133f941cb	0	0	0	0-Kein	0
dda15ab0bab9a6e5d950db75beac37d9	0	0	0	0-Kein	0
ad714f3e0891005f5245414548bf0f9a	0	1	0	0-Kein	1
56c57bb30185d275100bbb7b9d8814a2	0	0	0	0-Kein	0
9cd3ad565cc533a11aa1daf09c77d8d8	1	1	0	1-Gering	1
eafed6b157a9a19a77e03a417d405aae	0	0	0	0-Kein	0
22fdbf915476286796aa1dc43260b5e8	0	0	0	0-Kein	0
b680d8311b2d9103ef774191d8db24cd	0	0	0	0-Kein	0
54cecb173208dde64990b7cd2c4fb13b	0	0	0	0-Kein	0
ae1f7704e4caf8aa122d6f7a95417a39	1	1	1	3-Stark	0
ec048b0991eda0d72616d3c3dfafe6a3	1	1	0	1-Gering	1
efd12c1157a6b9b6607739a4c0fd4792	1	1	1	4-Extrem	0
d6cfc1acab8e5fceb8765425dc23c3d0	1	1	0	1-Gering	1
71fd1812c6650ec05c0cbac288f1d3f2	1	1	0	1-Gering	1
deed09cf2793e8b93a1ab23399218bdd	1	1	0	1-Gering	1
10239f5922726a0d6ed09d768f92208e	1	1	1	4-Extrem	0
f7fd1388badd1b017f0e56537d7e53ad	1	1	1	1-Gering	0
903756077b75a4077712f1c6e91e109a	0	0	0	0-Kein	0
4c0d1945ca77982cf1651fab40615fa7	0	0	0	0-Kein	0
76cc73fcef1e400ee755bc35f9983dcd	0	0	0	0-Kein	0
0f905af871ea85e4f166d4f8558aabec	0	1	0	0-Kein	1
fb0b5a8efe02cb1da3a76a288b1e4138	1	1	1	4-Extrem	0
84ffbc7e23da6908743d8d62ff85e7d0	0	0	0	0-Kein	0
b8606525fd5949b1a648502a9324787e	0	0	0	0-Kein	0
7cd99514d25a5c55be3107eed13e420d	1	1	1	4-Extrem	0
7f47ca67ccee90f0f8c5b48cb73234c0	0	0	0	0-Kein	0
667e0c6d9778ac14d93a4960e55affbc	1	1	1	4-Extrem	0
bb875984ac1a9c950f3d3143c58726fb	0	0	0	0-Kein	0
9ac5b692398b585f00aef565e23ef157	0	0	0	0-Kein	0
dcabd3c9053590e9af07535f5d960e8f	1	1	1	4-Extrem	0
bbb15fc9104ef41fe95a0aabf1746af6	0	0	0	0-Kein	0
efda2ab08b340272ce8ba491a44360bc	0	0	0	0-Kein	0
715081869de32fbba515761ae38e779c	1	1	1	4-Extrem	0
6db4af04ea31b0779e1c4e0bf49a33cb	0	0	0	0-Kein	0
6c2abc3e68f08db7e271c9b9874f9363	0	0	0	0-Kein	0
d9d381fa348599f421db486450279481	0	1	0	0-Kein	1
581166d4396a4718be9afcd324c58463	0	0	0	0-Kein	0
c632f2da807418193080b614cc75d8fd	1	1	1	4-Extrem	0
4088e45f4c252c5b01a1ba81c77453da	0	1	0	0-Kein	1
fc845ccf0fd571dd3c8412ac4eda49de	1	1	1	3-Stark	0
d61e4b3bde50ec9f6f06bd969f950a11	0	0	0	0-Kein	0
8a8666d69a943c2979729b352936859a	0	0	0	0-Kein	0
c5e4c0500b6e1bcf1025b6c8c9d0d658	0	1	0	0-Kein	1
fe01aef6230cc99a10dd11f1460c2378	0	1	0	0-Kein	1
e1487c0ed0f988872449c057133a99a8	1	1	1	2-Vorhanden	0
3612655e0c7946959594aef6e065fd97	0	0	0	0-Kein	0
4c3edd27534447080cbd66b1b2179abc	0	0	0	0-Kein	0
465e6012f28b0e921fb16d0d32e1366e	0	0	0	0-Kein	0
78b4db8d39d4d15c5c56a1d2593a7a13	1	1	1	3-Stark	0
0a530f07aae8652bfb03e42213e80c62	0	1	0	0-Kein	1
494781d05f6c2bedd9d3a8638d058e48	0	0	0	0-Kein	0
72c6664103f42e08892dbd3aab290987	0	0	0	0-Kein	0
79de1fb218f8335f9d8912fc71b622b1	0	0	0	0-Kein	0
b055bef9dc92498edfbaf6bae8d77a17	0	0	0	0-Kein	0
dced80a421ef283f414dad240b236193	0	1	0	0-Kein	1
a034c1cc4a08f03fc8a0397ed87b5bfa	0	0	0	0-Kein	0
0c8b3a565109b83694a05467273733de	1	1	1	4-Extrem	0
a624ac5cad7c6a213645123d390c5f9b	0	1	0	0-Kein	1
83a2fb1a70b345ad7a33852740ea63c1	1	1	0	1-Gering	1
814a14495878a28921f3be7dafc93589	0	0	0	0-Kein	0
cb8288fd4a89f4fc766a8e5981cb2aec	0	0	0	0-Kein	0
72d1bc90ebb5de5b42ea66ecd2a9c839	1	1	1	1-Gering	0
3fefb6a589e7cae847831a5ee8261ac1	1	1	1	4-Extrem	0
f13daa66a6799c76db63ef5b439b5769	1	1	1	4-Extrem	0
ac80a76080d7acb867b5135f62a1f9ce	1	1	0	4-Extrem	1
5f72b9149b593d4ef1c848296810b09f	1	1	1	4-Extrem	0
c07005cd520eb4a248afcd70068f555d	0	0	0	0-Kein	0
92a8401b081cba29c2f820c666ff536f	1	1	1	4-Extrem	0
d1035e8062facfb8184422d3501bc144	0	0	0	0-Kein	0
ff7cdc5aa4eb0d0ca4572103cf88d730	1	1	1	4-Extrem	0
f7ce63b8b285b3540b1323e86ab70c41	1	1	1	4-Extrem	0
727ae5a5f0282de5ab70ac0c5e92c470	1	1	1	4-Extrem	0
061f60de02566c62f59136fdfa304a70	1	1	1	4-Extrem	0
6c4b1d4774963a4e1e9603238752a58d	0	0	0	0-Kein	0
1ae873f7517838d4fcaaa5eb7631267e	0	1	0	0-Kein	1
e42fae6b7b8da64f04c8175a15a1c7c3	0	0	0	0-Kein	0
f554c21858a62428b7815898fd7ee2cc	0	0	0	0-Kein	0
efb31d30559ffdc8408b7367bd7778c2	1	1	0	4-Extrem	1
2866f74b27251b18afc568d094bf6477	0	1	0	0-Kein	1
bebcbe8a898117cadc6b3cdb779e0092	0	0	0	0-Kein	0
84228e70de0dced00a6fd13b4d6434de	0	1	0	0-Kein	1
0357fb7389603351c514d9af9c847a8d	0	0	0	0-Kein	0
29c274901f876793a2f7c494d49b7317	1	1	1	4-Extrem	0
e1736644d48baedb5d9f7463d0f65a4b	0	0	0	0-Kein	0
addd66227203aacf9c65872aa1f4667c	0	0	0	0-Kein	0
cd7e9394ab4080299567f8df859fb098	0	1	0	0-Kein	1
1cfa357ace91c1a13a9e401a64fd76ca	0	0	0	0-Kein	0
183388c9b3a253abcb0f188867972c7d	0	1	0	0-Kein	1
682c28803b8f5ba741519fe9991c07fe	0	0	0	0-Kein	0
d5a8cf219b1c7ffe86c57dae75d98566	0	0	0	0-Kein	0
9cb17ab630bed8eee54294e0b051e825	0	0	0	0-Kein	0
35c04f215b19bfd9381cea75afaf734b	0	0	0	0-Kein	0
1fe89ab06f3a0eedcdd95e6cfd4e1a36	1	1	1	1-Gering	0
6c9b46aafe3cc91b62fc39fce452e715	1	1	1	4-Extrem	0
a8299c74afa6d1827eac5dd562b92c02	0	0	0	0-Kein	0
353b91c4c50b52159deff8739db90c3a	0	1	0	0-Kein	1
59e310900845bfdc8e678bce6867bebb	0	0	0	0-Kein	0
7ab4f8896cbd00cf8aad805ddcdee82b	0	0	0	0-Kein	0
cc7c86f697033f06d11954ba7c444eb6	0	0	0	0-Kein	0
5f705b008ffe0a89dd140a57289348d7	0	0	0	0-Kein	0
8f13cfb56815c69effff3380f5e93fc1	1	1	1	3-Stark	0
b3b5f5dad05f24b39dfa7063b7f61cac	0	0	0	0-Kein	0
08305b3f10fa321edae9f56949b10d5e	1	1	1	4-Extrem	0
da547540342b355007363b8d1124a194	0	0	0	0-Kein	0
a5e7599255402359d211f215910b86a9	1	1	1	4-Extrem	0
08db397a05e1164b6115ccb613c9fe18	0	0	0	0-Kein	0
fcc7e79adc95e5c4766c81d8b25af4b2	1	1	1	3-Stark	0
f5eb4b4ebcf1846bbc78c3967891c9f8	1	1	1	4-Extrem	0
84c4871faf77dd0ffea798f0af8cb4f0	0	0	0	0-Kein	0
92429a253f1234a660f8a6a73bf92e16	0	0	0	0-Kein	0
ff9dc79d8127944b31d3a31f20620882	0	0	0	0-Kein	0
54489d82b850ae0ecf14ea9104dc67d2	0	0	0	0-Kein	0
c5861e07d09532862e74774dbaf248ac	0	0	0	0-Kein	0
09ca5943682347be7d015883b4673a20	0	1	0	0-Kein	1
10ecc8b17a6734f762dcd199085318f1	1	1	1	4-Extrem	0
ab9bfac932a72af3e729e3b1a3e040bb	0	0	0	0-Kein	0
d75f8431e7d78b7dda183443b0b15ec4	1	1	1	4-Extrem	0
b4d19a61ef9ce2175db9e4a985c290af	1	1	1	4-Extrem	0
6befd25450ebabeeea0e69d55ca4b32a	0	0	0	0-Kein	0
2c9db02b8ed454f63b86a27b2b535f9d	0	0	0	0-Kein	0
e10b4e18cc20369434d555581b4ece88	1	1	1	1-Gering	0
9c0f4527faf6ba63a92547bb3d65cd6a	0	1	0	0-Kein	1
8f4aca6831d7955bc8505245d5de0278	1	1	1	4-Extrem	0
83be3fa5e27674477d6a340815015ae0	0	0	0	0-Kein	0
9d35d0a14f2a147b72c004a87691b9d9	0	1	0	0-Kein	1
9ee30f1c0f81f77a69284114ed54d7f9	0	0	0	0-Kein	0
7c09f837581e360d3ede7a913f278f2a	0	0	0	0-Kein	0
b50b65617282dee29d71a1d39429fbc0	0	0	0	0-Kein	0
cb4620fcd6a6b582f039e8041f019d8f	0	0	0	0-Kein	0
8819cc71e7224d5bf2c08241b792825c	1	1	1	4-Extrem	0
389d00c4a5a90e75307ca1e790e34ebb	0	0	0	0-Kein	0
20fa4e077d538ee718f6f5b8daa90fdf	0	0	0	0-Kein	0
d566fdd378d8945c454a908b0d242102	1	1	1	4-Extrem	0
fc1706ee219b77c2be0218683777d5bf	1	1	1	4-Extrem	0
935814115b4e426238c198bb802641fc	1	1	0	3-Stark	1
6a611c5d2dd4a4d486c3baa8aa14f18b	0	0	0	0-Kein	0
2fae623ebbf90d5c616b465c688f6e53	0	0	0	0-Kein	0
204f72c25a0f90fb1ee415382cfebe27	0	0	0	0-Kein	0
af5c9876b0970957373c5a3dcbb07f2d	0	0	0	0-Kein	0
2aad1394ae2e433157e43fcb24e4ec41	0	0	0	0-Kein	0
b2cdf8f2bf2a92945c6029405a617866	1	1	1	4-Extrem	0
590a347232c3c523e22b046476859c7c	0	0	0	0-Kein	0
88be39ce246ab128331b29165220cd59	0	0	0	0-Kein	0
97cea203d26dffaabc7f498ed7e53ebf	1	1	1	4-Extrem	0
c8a4b542ed12895f82e4ea2fd90e92cd	1	1	0	1-Gering	1
5fe1a470e5d433f6639a66508811a1ad	0	0	0	0-Kein	0
db16480544c06a3056280709e82233ca	0	0	0	0-Kein	0
7e8bc5c13d443c58a2fe449243772120	0	0	0	0-Kein	0
ad9a9c9648e3fc88f81de21942a7897f	0	0	0	0-Kein	0
268ca48f4178ba2d7b9ab994f4dbf36f	0	0	0	0-Kein	0
9b7e35633a99884020c1760d8db01a9f	1	1	1	4-Extrem	0
cc697f7146bc5111a6f062af3691dfa2	0	0	0	0-Kein	0
79d1ff68c906272cda730ac0d477571c	0	1	0	0-Kein	1
9665acde6696e04241856ac29fef352c	0	0	0	0-Kein	0
6cd77deca93305f1a59ae835e3d4e120	1	1	1	4-Extrem	0
9e6f3e2bf7bd2d7eb3689c6b758bdce2	0	0	0	0-Kein	0
fc26d5418b354f43659bdfe6e3750c1b	0	0	0	0-Kein	0
b8ffa05fe20ae3a89d696d43c6e0fe27	1	1	1	2-Vorhanden	0
d17f60eed720fea9bced976d343243ca	0	1	0	0-Kein	1
955a0c085e1da895dcf6b08a850e299f	0	0	0	0-Kein	0
bd412039024aa2fc0803a3925967d464	1	1	0	4-Extrem	1
3ef9e00970bedbec3a539d076727bac8	1	1	1	3-Stark	0
6a21fd0e90f8fc80de2e4d0c5d69cd27	0	0	0	0-Kein	0
8049052f98665626b820378664e58943	1	1	1	4-Extrem	0
139c21db1f88487495227e3757f79726	1	1	1	4-Extrem	0
09af94e760bbc94d1344517bd4ca7d1a	0	0	0	0-Kein	0
02844762e3b31a37a19866b73c1cde7d	0	0	0	0-Kein	0
9bf53add8f59c81dc9907c94096d97d2	1	1	1	4-Extrem	0
39375d3efe9eb41fead27d93b09ae7c9	1	1	1	2-Vorhanden	0
85b5dbd879ad2544ed862b40fe09a1b5	0	0	0	0-Kein	0
ca2837dd6a037310e3e2a8ea8333ccb1	0	0	0	0-Kein	0
244c1d12f1c0a24c6d28951cce322697	1	1	1	4-Extrem	0
b8ac6b6c2aa836e5027749d35f59f914	0	0	0	0-Kein	0
3028f7e259c07db157618e57023cc3b1	1	1	1	4-Extrem	0
c6cb3d68d895d1f3900f8e57c9d906b9	1	1	0	1-Gering	1
c3de97933efcfbd66b790f82ccae307e	0	0	0	0-Kein	0
746f9591e0ce20c1cd5f097f4fa8c8ac	0	0	0	0-Kein	0
f27d39859d996d37d8486b2520ed5d85	0	0	0	0-Kein	0
cbbc9e6aa5a8107e4ffaecf650913b60	0	0	0	0-Kein	0
876d608ef31ea72960a3c7c3dcf50977	0	0	0	0-Kein	0
ee788beb72ed56cad0d5a7aa5cce25ad	1	1	1	4-Extrem	0
1178b3840bf5ac1455a0788ffb427e03	1	1	1	1-Gering	0
66dd25ac016bcb7d71131d0c36e847b8	0	0	0	0-Kein	0
8b0920b58de6b596bed8443f26713ae0	0	1	0	0-Kein	1
2b74aed2f5b92a58fb7563ab8c57badb	0	1	0	0-Kein	1
f0898b51b3df1aa222ae7f43eb7ea3d0	0	0	0	0-Kein	0
1fd460ac8104f029d8083f82229a650e	0	0	0	0-Kein	0
ed60ff423a1a3ff5c78af5a3b3b5bbb3	0	1	0	0-Kein	1
efd25b2807d6655b5f1be449f652dd8d	0	0	0	0-Kein	0
f76f8d2d6c40f96d1f8275764f7a0d3a	0	0	0	0-Kein	0
f3a6acedee108da0f24823ff45cd544a	1	1	0	4-Extrem	1
2053bd47f83015fdefb0e6524b4126ed	0	0	0	0-Kein	0
11692c0319560da22189cdca9a54b0ca	0	1	0	0-Kein	1
5ec92715bf4a85fb649fabb5c8978234	0	1	0	0-Kein	1
df19af4d4de2b67c5d7b222f7301ddd5	1	1	1	2-Vorhanden	0
b9c27026c9479f4e65e30cc9521386c4	0	1	0	0-Kein	1
86d46dcafa9d300269eac7d2b0f1f8c0	0	0	0	0-Kein	0
f219ddd1f9e3fb34f6a3911b305cab7d	1	1	0	4-Extrem	1
0e798141509397c1eb4c3dbf37c48847	0	0	0	0-Kein	0
08f1559a70e62c878dfa0bb34c906f0f	1	1	0	4-Extrem	1
74c22932af7ef53eb6460e563fa00023	1	1	1	4-Extrem	0
b4360ddc9c04557cad608571b9bbbb62	0	0	0	0-Kein	0
c76399f69687ae9334318711b1a749eb	0	0	0	0-Kein	0
a4661beb547b92988cb5f5cd3b3a2369	1	1	0	1-Gering	1
e0b232091b3989f87eb731c756c6284b	1	1	1	4-Extrem	0
2a2c3471bde02dfed1b022004c8a7eaa	1	1	0	1-Gering	1
eb26c490830b4b2730a1caf015cc9287	0	0	0	0-Kein	0
f49129516a0ce4cca19bce9c9a7f38c9	0	0	0	0-Kein	0
5415a6db1553f06043e82081c40ba35c	1	1	1	4-Extrem	0
48eef87123f669da3f6c6351243dd49a	1	1	1	4-Extrem	0
e07e62ae58651ec56ccc857bfcc955ec	1	1	1	4-Extrem	0
23e2648ba2cc83a43aecf9056561314a	0	1	0	0-Kein	1
b8831e5823bb99dee5a40a9af73e1f4b	0	1	0	0-Kein	1
bc749eb2525b26c955a17d9513b9ddb7	1	1	1	4-Extrem	0
1906d1cbb648fd428389bd09ad73aa0d	0	1	0	0-Kein	1
fb15559001f1609ba2e90cba151b39de	0	1	0	0-Kein	1
4e80cf0d37404d8b651af25089bd0631	0	1	0	0-Kein	1
9bc987ea36dddfe501c05f5a073fcbb3	0	0	0	0-Kein	0
b513b8772d1c578df7ade5b761963b34	1	1	1	2-Vorhanden	0
12089cfd5e8b7406c0e8613c3dfdf4ee	0	1	0	0-Kein	1
06210f1312905cd7b5c88ae20787204e	1	1	1	1-Gering	0
0582fbf3630c40f2da686695dde84edb	0	0	0	0-Kein	0
b0a23af15a08fde5a3b8caffc92f558d	0	0	0	0-Kein	0
62fc8a805d48e39539765b8273a10df3	0	0	0	0-Kein	0
b70a0e8be1753263bba234ec22bf5872	1	1	0	4-Extrem	1
4de281d66f7b87cd2e8f22ae7ba41a1e	0	0	0	0-Kein	0
94d66e98089eddfb666c0425070375fc	1	1	0	4-Extrem	1
137d06caf5d8eba6b2e39d1ff1feadc9	0	0	0	0-Kein	0
9054eb45dabf70e728de44564d05ffb9	0	0	0	0-Kein	0
8327addcc9c3ff64bd07ec255006fdbf	0	0	0	0-Kein	0
ef2ffb045ef809eccb40480eb2519c50	1	1	1	4-Extrem	0
1df783e3e04c100d4f5cca6d6054ec61	0	0	0	0-Kein	0
9b30462275c66f51be6d2bba43c0aaa1	1	1	1	4-Extrem	0
4e062d3cbc92331bf3c6116c38758ae1	0	0	0	0-Kein	0
bee21f78472b6e91c03b8d00439491b8	0	0	0	0-Kein	0
d69b6f04e89bfa4edd2c0a4e103c4f84	1	1	1	4-Extrem	0
86e2b01a8829836fe7789ace4ff14b20	1	1	1	4-Extrem	0
fa32c59fcf9ce4d53788f17bfcca2224	1	1	0	2-Vorhanden	1
a9b89b4c4476cfd9b3d1239268da2aa2	0	0	0	0-Kein	0
1009d5705ba26854835c0a4b07d30da5	0	1	0	0-Kein	1
c88f758bc14dd7476ec93ab95ea1a157	0	0	0	0-Kein	0
a1454999752bea991d379cc6e30b7054	1	1	1	4-Extrem	0
4ec199a21a54bfddec1c6409d2427878	0	0	0	0-Kein	0
9729e3c1f96621836b07b230553ef404	1	1	1	4-Extrem	0
f7697a70a7b8926e4d07bf526cb40b20	0	0	0	0-Kein	0
10260c15cc868f836119b7a412f675bb	0	0	0	0-Kein	0
087d07120fc22ba57a28908234721dac	0	0	0	0-Kein	0
6415fab783e6eb6102cae5bdd1f1c065	0	0	0	0-Kein	0
88b4c878f14c9dd41c73e3ba2fd0b8e9	0	1	0	0-Kein	1
0afd7237950db6b7da4c5e1e2c8d11c0	1	1	1	4-Extrem	0
922d24ed310674b22d6df948546eae36	1	1	1	4-Extrem	0
dcf3750d7992c87606106853b2f0053b	0	0	0	0-Kein	0
4ccfadae88484bce9fc0fbf1052a7e9a	1	1	1	2-Vorhanden	0
132023693c95f94896c4eaf3acc71543	1	1	1	4-Extrem	0
ac4687c2899e807236764ff6aae68d7d	0	0	0	0-Kein	0
5f45c7afdd9294dadf2c4d7a127e4d0d	1	1	0	1-Gering	1
28239a900641eb478026691e0e2caa06	1	1	1	1-Gering	0
dcd7b46ec61aab8d86a9b57f4400a197	1	1	1	4-Extrem	0
92a71812cec541767f3f0d17cf0ad478	1	1	1	4-Extrem	0
9da5b7e6c130795116750f5e7a5496b1	1	1	1	4-Extrem	0
d00cfc2fbe6091cc8d3151f34ec957c2	1	1	1	4-Extrem	0
8d84a1c07269a294b86df710ee45b458	0	0	0	0-Kein	0
ed08417271540f2ba6292931c3db297a	1	1	1	4-Extrem	0
02ef2187ce43dd6725fb339978a64ad8	1	1	1	1-Gering	0
4ac258f9fb241c5ce1fc2302b54f26cd	1	1	1	4-Extrem	0
2538f330d2d88168e9745ff365b64122	0	1	0	0-Kein	1
9f9b90e324c9d41ce6bfeddef558f05a	0	0	0	0-Kein	0
6bd5f1b2b7f619d60ce6f4ca3ebb0cae	0	1	0	0-Kein	1
01a723c58d76578e662251d5c570194b	0	0	0	0-Kein	0
ae2ab2ac9410ab4d402e319b95a9378e	1	1	1	4-Extrem	0
36da1ee99dd1100b27f625eb73b19b43	0	0	0	0-Kein	0
e8dabfe67800dc36941b0c044c571a99	1	1	1	2-Vorhanden	0
0715dbfba2443cc19c08abd4fac3994a	0	0	0	0-Kein	0
d1f83880ddb3824fd434772dedacfce4	1	1	1	4-Extrem	0
fd70a2f9b37465da77adae78182033c9	0	0	0	0-Kein	0
8592945315f5b88ba6e90f69de928ce8	1	1	1	4-Extrem	0
2c18ac2a30922ce76cba35d32435322b	0	0	0	0-Kein	0
7057cdef9ed8a6a24d68a160e1fdaae2	0	0	0	0-Kein	0
2558b077cf3ecd3737e132c53c915165	0	0	0	0-Kein	0
57bf491471d6f8048faa4f722b279a92	0	0	0	0-Kein	0
07e17bb67a2911782ab0d839ccf53a78	0	0	0	0-Kein	0
7280f44cb3af76996e80cf6abaf78426	1	1	0	4-Extrem	1
6a61c1497515c730a7d945fac1ebb897	1	1	1	4-Extrem	0
a41df6d36cc1ff7f56191ce4a55db24c	0	0	0	0-Kein	0
a8b32ca3b5bba41b4b3d811c4ed5c207	0	0	0	0-Kein	0
340c0fcbbf079839ba2a4e559f3d9453	0	0	0	0-Kein	0
43ad645c987cb0373938c022b585d9bb	0	0	0	0-Kein	0
9c2bb4b2262ac0270803bdfcafbd050e	1	1	1	4-Extrem	0
f82459ceb10f5967bd4477a0e973c0e3	1	1	1	4-Extrem	0
dd6dd1a08e50fb1f2f10a5b6c4aae199	0	0	0	0-Kein	0
a2c153629c5145d3b1a6df8a74b8dfeb	1	1	1	4-Extrem	0
fce7cb7f54c0097ebae5ef464335b22e	1	1	1	4-Extrem	0
1f08effff090080ddc7efbff00a62f55	0	0	0	0-Kein	0
1c6cf6c794ad770e41f4f080d0c9e686	1	1	1	4-Extrem	0
30d97b75458bcca7a03b86f80442ffa0	0	0	0	0-Kein	0
26be0cd370e2c70e97528de52c094b56	1	1	1	4-Extrem	0
60aea540c25e4fc42e7ebebd67ced6ad	0	1	0	0-Kein	1
c05935ea4f74414ce9640c18200e711f	1	1	1	4-Extrem	0
6b00a16a1905c317fc555f529353b2cc	0	0	0	0-Kein	0
48b642a9cf4a269df64fb9518d855ae5	1	1	1	1-Gering	0
8ecb719217372190e0c3352dab9bbfa0	0	0	0	0-Kein	0
21b0df3dc1eef980ed065b87ea57db88	1	1	1	4-Extrem	0
a62acee063a3b220ccb121210082dcde	1	1	1	1-Gering	0
1eeb96c517e26c62af4bc0df091ac16c	1	1	1	4-Extrem	0
af656271515735eeecbe502ac18b1a84	0	0	0	0-Kein	0
73095d4b80ba38a706af201bcc165926	1	1	1	1-Gering	0
c50ec47ac3a7f290cb1feb1a8e17d962	0	0	0	0-Kein	0
becd70d9f2b0aa593cf9737beb91ea43	1	1	0	1-Gering	1
d12cc3bbc2dc8a3b5e1522d8915f38ec	1	1	1	4-Extrem	0
d2ae9d1578bd3effc5a70cdefebe6efb	1	1	0	4-Extrem	1
6f67e29bc540e92518c259ec8ca62a94	1	1	1	4-Extrem	0
1c734ff1a6c4c63cabd5f1bb62c28a8a	1	1	1	4-Extrem	0
a0172e601df8220ebefc71b102b9d7c6	1	1	1	4-Extrem	0
591ce791d9485768583d714d8f41ea6e	0	0	0	0-Kein	0
7635ebcd6e33762c23ebfad3c7a01b6e	0	1	0	0-Kein	1
e391242d63ac63f3ccf9c5f0669d3342	0	0	0	0-Kein	0
40f4e41c6499b65aabb9aca9f247b941	0	1	0	0-Kein	1
07788595f485ab95c581e45afd661df5	0	0	0	0-Kein	0
bfb32f84cee1d50ff2ef43e26d89c945	0	0	0	0-Kein	0
e43e4ef3fee6230215fcec9b012f9247	0	0	0	0-Kein	0
32a55dce5e9734fa708fb62664f7f7cb	0	0	0	0-Kein	0
fe901a23f87d9f852d11b838ee71f4ea	0	1	0	0-Kein	1
98733288a687dbc63f85f11a962ddf52	0	0	0	0-Kein	0
7b2992293efb897269aad25426ab4dd8	1	1	1	4-Extrem	0
ea008f392c9990c0a5f6cf85da229d75	0	0	0	0-Kein	0
adb68866580fb006231becd7d1522819	1	1	1	4-Extrem	0
7f95855b1dbb730e5f0c2d9373b087e7	0	0	0	0-Kein	0
53d1c944ab28ca007de9bac30da4724d	0	1	0	0-Kein	1
087b709ab8dc689b75160faed1a5efe8	0	0	0	0-Kein	0
4cd98e22b07ef50d14f196d7a0a71ef0	1	1	1	4-Extrem	0
f9121021de85edc5b15f67fe2d6a4c68	0	0	0	0-Kein	0
161211137573907cb55defc64adac115	0	1	0	0-Kein	1
7c25e5872055ae8e972a81348d60c153	0	0	0	0-Kein	0
9750725356862492e60153f4dc49e485	0	0	0	0-Kein	0
0453e9ee690243718f2cad6a0a5aa078	0	0	0	0-Kein	0
526c2c6720fc8627a76197e2bf93f5bb	1	1	1	4-Extrem	0
51918d910440ce0833ef93d6ce180194	1	1	1	1-Gering	0
1853c85b88533510cc835f0c3d8aae19	0	0	0	0-Kein	0
32becc2ea7c1796e2e7e21b2ab25fb82	0	0	0	0-Kein	0
1e37615eb5e4d7c3c5c49342449ed199	1	1	1	4-Extrem	0
a33a963ea3b52b566c6018845ba57ce9	0	0	0	0-Kein	0
0e3a53349053d5427a7247f67b862684	1	1	0	1-Gering	1
038b2b03d39e45aa5c47b7250ff1a048	0	0	0	0-Kein	0
0a82f1e056a8340504de0684349b39bb	1	1	0	4-Extrem	1
6969d01af04090cfa3db472f08e11711	1	1	1	4-Extrem	0
76cffd3b52e09d5a23b451c8f5ca53ae	1	1	1	4-Extrem	0
15a28fc035006ea0a38a1c9daf9b3f63	1	1	0	1-Gering	1
ad4e6e43697b825f86a0d70e7ffac884	0	0	0	0-Kein	0
4da8211bf38adc717a310b91f05374d0	0	0	0	0-Kein	0
743b3570a025e85e19de919de037c018	0	0	0	0-Kein	0
2bad814d19e2132f0698f09290762a21	0	0	0	0-Kein	0
bb206556b4f70264d3cc1fdb765a9f71	0	0	0	0-Kein	0
c158c479b78e057a4d5736771c00bc96	0	0	0	0-Kein	0
926dfb8daa72fab26171c759e73481d0	0	0	0	0-Kein	0
4812a6c66680ff868e1d4994508bf30f	1	1	0	4-Extrem	1
e6608873581dd38dd241f00f4e705c76	0	0	0	0-Kein	0
9037fb74718ff35021108f1ec0ddf832	0	0	0	0-Kein	0
433d783dcd37e11be7c8f9702414bd9a	0	0	0	0-Kein	0
103e8640859a3766866797bb0b5420fb	1	1	1	4-Extrem	0
7611e2d35d0531d631e51790875b093d	1	1	1	1-Gering	0
cfc8f4cdb09e612c6e31de6a1d422b61	1	1	0	1-Gering	1
b358cd8f29a48cefda8d86e6e7c4441f	0	0	0	0-Kein	0
66dcb0e8ac5b430f42901648bea15bf7	1	1	1	4-Extrem	0
cab5731dbab05dd7d890e30d8c2b4420	0	0	0	0-Kein	0
a953ecc1a42c3f209f243fbf8f295bf5	0	0	0	0-Kein	0
cfec72a0cfb8f139d76fc2fd2400525a	0	0	0	0-Kein	0
feb14855ed5d2af8e506c9a34eac08e9	0	0	0	0-Kein	0
efc4b0a0fbb80cf128b8249c13e6a0a3	0	1	0	0-Kein	1
51103738f49c1960aad07341e1b3bc95	0	1	0	0-Kein	1
0c18591e0ec12b6de538cb470b380d77	0	0	0	0-Kein	0
6fcdb0fa69b76ea621d635e5aca89737	0	0	0	0-Kein	0
c2c6631bb9f8ef676b8933b7da544a9e	0	0	0	0-Kein	0
a058a8f9d461e06976bc7f1fc4203125	0	0	0	0-Kein	0
f595fb12330cee512927dfdc51d64b47	0	0	0	0-Kein	0
5ec906a2eb3f6580126ccb2edaf31d44	1	1	1	4-Extrem	0
b3fec18db4cdffb2d395624400350b47	1	1	1	4-Extrem	0
b219e4b768b6b862c9bbcefdb1af2975	1	1	1	4-Extrem	0
ab90d56f770338f91f1ac11a5c21d69f	0	0	0	0-Kein	0
f9dd8f7f90539192d60f42726ce4ced1	0	1	0	0-Kein	1
dc205b9e19b86449fcdffe0267db90b1	0	0	0	0-Kein	0
919fdd6d4083e917c6712e26eb4fc32c	0	1	0	0-Kein	1
90ae8106b9ad89d95c602eec2a22a6f6	0	1	0	0-Kein	1
72b09e51a51e968e8aff525cb2fb4d00	1	1	1	4-Extrem	0
6bcf507c70be48c17ebdafc20a299ae6	0	0	0	0-Kein	0
694be899d1ae7e832a68104656d59a85	0	0	0	0-Kein	0
4ffffd2b081754a9cb1659f965bef93c	1	1	1	4-Extrem	0
efc93840cabd5a60f30553e3b593784d	1	1	1	4-Extrem	0
dc6d16df8dbedf431f33b52177864bfa	0	0	0	0-Kein	0
d6ee30c221ce3959dd4f9c19740fd027	1	1	0	1-Gering	1
ae660ad645f261972f8a0bd35726988d	1	1	1	4-Extrem	0
fff1b5019d99afae0e00a59bb74ff18b	0	1	0	0-Kein	1
87082e08bc4fd6fc58f2c990f9282c63	1	1	1	1-Gering	0
e92b4692df7cecc53dcdad9e54035837	0	1	0	0-Kein	1
5214d1b7c0de091ce0af4dd668bb5f67	0	0	0	0-Kein	0
ad4eae624454499ccb865faa31db99db	0	1	0	0-Kein	1
968ade679cf1208749c24ac28353d4b4	0	1	0	0-Kein	1
3b3e6600d1593242b67176b027bad36d	0	1	0	0-Kein	1
fbe9df3f9f9fc556548fc27cf850207a	0	0	0	0-Kein	0
a0658fec21bae5730fa785f2a4f1c303	0	0	0	0-Kein	0
4b19a61bdcc6e442d8a8ba99abb328cc	0	0	0	0-Kein	0
9c6a747859fb4d7ebfab44a3617571fb	0	0	0	0-Kein	0
a3eb7e24821ce57cc45b720a83efd623	0	0	0	0-Kein	0
bbd4024a02dd606bfb78c9b4d16c77b3	0	0	0	0-Kein	0
d2b7b7aafc3177fa26c191eb309fd276	0	0	0	0-Kein	0
baa54907547659ba66ad35fb21f4be61	0	1	0	0-Kein	1
6d1788fa16da1a59531eb906283427cf	0	0	0	0-Kein	0
340367e983c90eab5a04e231895d3a55	0	0	0	0-Kein	0
5734afa659c05e560662100e8f2ff3f3	0	0	0	0-Kein	0
cc33f26ab710e69c2286cc0ca39e6ae2	0	0	0	0-Kein	0
d1d44189edf17f20811d4798c708c498	1	1	1	4-Extrem	0
451e9ee279af12845958a9fbeacf8607	0	0	0	0-Kein	0
9b5ce956e1cdd5148741a30781831dd4	0	0	0	0-Kein	0
bafa409fb662af91ae2cf1ea20db23f1	0	0	0	0-Kein	0
5535baaaa092ec286a72a1414631ae52	0	0	0	0-Kein	0
32752af15d317f3f7bc6fabf39c12bd6	1	1	1	4-Extrem	0
41c3ff37f8d8369ed285a5fe4915acfa	0	0	0	0-Kein	0
1dea55f1a5eb2dae671c603ab52a3d52	0	0	0	0-Kein	0
c64817598a57c6272be79e9fc13aa5b5	0	0	0	0-Kein	0
c1a776bf4110339090c5a3995744b709	0	0	0	0-Kein	0
955ac23cea87f52255dbf0112890fdf7	0	0	0	0-Kein	0
9271c7eb4e2b7d840ebbf5224cb4d068	1	1	1	4-Extrem	0
cf5936388ca0df29118f4314ce59bc1f	0	0	0	0-Kein	0
fe48eafade9e84a15cec3f486c687a5f	0	0	0	0-Kein	0
3e3b5ad46704b05ea1341241e72b8284	0	0	0	0-Kein	0
dd1e6d04a4438b8e5a630a427eb28cb7	1	1	1	1-Gering	0
7b49dca1de22c9b4f89bf1f5f6df087e	0	0	0	0-Kein	0
d3709cc0725e2dddc50407db5e9739c8	0	0	0	0-Kein	0
99eff4bc6919361415285f27638e69e6	0	0	0	0-Kein	0
123ea6ab1be31fdcdf3e50f400989bb9	0	0	0	0-Kein	0
3f381d27fac7d1430c76ef862dcef072	0	0	0	0-Kein	0
ee01a9c1bfa16b99eb89faf67a5da974	0	0	0	0-Kein	0
e90fcb7a6db09c011515b5e930baebaa	0	0	0	0-Kein	0
4b5f742560ed8c7706229365fc5358ad	0	0	0	0-Kein	0
1be73d956bd540bc707bb161d8ab6aa4	0	1	0	0-Kein	1
7fe721217f58f2e1f2237f48135a552d	0	0	0	0-Kein	0
e5f0bacd3723f16d85c96c7c0f208496	0	0	0	0-Kein	0
f9c394a0f295481d595caa9427e0dca8	0	0	0	0-Kein	0
997a1bb5a1f666d3c01830fa2772dc00	1	1	1	4-Extrem	0
12cbcf0f01034a9e0b18da62e2d8160e	0	1	0	0-Kein	1
5e0321e31641464cc856fb1cb4d3a1e2	0	0	0	0-Kein	0
d512f55468600d405ddfa65af5896bcf	0	1	0	0-Kein	1
20c09f82bacadea6fe5d8b7c45d974db	1	1	0	4-Extrem	1
c9b48ff61a49fa71f210e7f153076a58	0	0	0	0-Kein	0
61d0a020e3726cb3894bc9857d1e5a6f	0	1	0	0-Kein	1
688082dde615c7fd6d91f77248c762d4	0	0	0	0-Kein	0
5ae3aff525b170dc91fa280ceb038e01	0	1	0	0-Kein	1
2526ef66e28122d5009e08e596a805d1	0	0	0	0-Kein	0
5f6c5f33d9b25596ded927eeb1f6ca31	0	1	0	0-Kein	1
92030294844efca928a8465c3bd0fa0f	1	1	1	4-Extrem	0
d0c41b54d5a78fdaabaf184146488d1a	0	0	0	0-Kein	0
48742973124b59316cf2b54bc977be23	1	1	0	1-Gering	1
1b2f1c1468625e31b77cc11a77309608	0	1	0	0-Kein	1
da6a551177d4088a6c136d316bcd7ffd	0	0	0	0-Kein	0
2ad1f47b0c7c2f0052c7fc944b552425	0	0	0	0-Kein	0
940a8e60402f1ec321b6c3e0ad8dccc2	0	0	0	0-Kein	0
29195e06092f61d54de33df02e809d33	0	0	0	0-Kein	0
fee4580b7ee41394dd884f979396928e	0	0	0	0-Kein	0
0bfbe8b44652ace54e534ac9474726dd	0	1	0	0-Kein	1
89dbe5b975802b8f1bea8ed7fd8ed59c	1	1	1	4-Extrem	0
1ac0fd2f6c1fa6b7ea6a0927ff74aa00	0	0	0	0-Kein	0
8a26684a8b55a232652c97d3d48f6043	0	0	0	0-Kein	0
11dff626f3526cb21077513b05e2606e	0	0	0	0-Kein	0
a4a40efd0cd6dc2cd5d6a34c9787c416	0	0	0	0-Kein	0
fea0c919477b831e9d4ce6c7796e81d7	0	0	0	0-Kein	0
1da3ee994903507507e33cd4a7fe30f0	0	0	0	0-Kein	0
07eb5e33346d17f962ab8d4f3a50e6cf	0	0	0	0-Kein	0
12b9cbd8c4050da307bb8a4d233e28f2	0	0	0	0-Kein	0
cd5b3e55664d7ad46ce470069b6d5d91	1	1	1	4-Extrem	0
be5c0f7435c84f125423bd5ffe15b811	1	1	0	4-Extrem	1
1897c53c08c99c8acbed4c29a92a7edf	1	1	1	4-Extrem	0
5a16cb3f6659140cbf0052664e6e1586	0	0	0	0-Kein	0
2fc7c517eb34dd129e12dc6696696f85	0	1	0	0-Kein	1
a56eec41428de2c2b7395bbd1849f4dc	0	0	0	0-Kein	0
055d0546f8d2b7763e83cf2e35e91649	1	1	1	4-Extrem	0
64872cf44543300808eedf94636a760b	0	1	0	0-Kein	1
027cfa657f6f144d24e878331867a703	0	0	0	0-Kein	0
2588242371d45178a94a2c0066000a06	0	0	0	0-Kein	0
3a94a67797fcc8a6670ac0b2c6c416e6	0	0	0	0-Kein	0
312a58a73315a6afd505cccc2859f3d4	0	0	0	0-Kein	0
e7e61fe04a5a6e922b0c35a8aca0b85b	1	1	1	4-Extrem	0
cac3708d2e14fb32da4f808c4c88d06a	0	0	0	0-Kein	0
2129f486113f3ee491c60d4381e4ea91	0	0	0	0-Kein	0
6ba6e38929267b43d66d056cecd6b405	0	0	0	0-Kein	0
522eac9c71943f0b2fe6a1369db64b91	0	1	0	0-Kein	1
997428d847eaf43865519fe54f0d1e05	0	0	0	0-Kein	0
399a2d163e4238fefff12670f891ee12	0	0	0	0-Kein	0
26e9d3d5a2d321f57f0d999f2af50102	1	1	1	4-Extrem	0
b7536c0678540bbd82472b6d90f7a2ea	0	0	0	0-Kein	0
0a9505fd96c8fe399b2b270e86474e89	0	0	0	0-Kein	0
b9166f86dce8638231787bae90c10f75	0	0	0	0-Kein	0
12aa90aff44ed805d4d4fc85ea047b83	0	0	0	0-Kein	0
5741a6c7eea74a3b670c692d0f5530f3	0	1	0	0-Kein	1
5641391e5ca077d83da813c0307e9e2a	0	0	0	0-Kein	0
81add8ca5e4ac435a71cdad4d4ced0b1	0	0	0	0-Kein	0
dbeb9d278e203933d43173b1c6abd017	1	1	1	4-Extrem	0
11b580340946d4d470997c6089437c92	0	0	0	0-Kein	0
4a883f3a2fc3472f3bd2fb34d8846875	1	1	1	4-Extrem	0
6a16b4231d56186b3d2bec4b4c3cefca	0	0	0	0-Kein	0
bba182f67fc99ea62777f417746b4efc	0	0	0	0-Kein	0
740ae8085dcac1c7304a0869add3f8dc	0	0	0	0-Kein	0
faa976b5483103db95cba0ea62a7284d	0	0	0	0-Kein	0
f111826dac63e9874cc0452a8e5b15fa	0	0	0	0-Kein	0
56c25ff7568a801fbd51b97541273e21	0	1	0	0-Kein	1
92b52576b0c0eaaeae90258a8d1b6659	0	0	0	0-Kein	0
b2dab83683c2c787f2a6d97402652349	0	1	0	0-Kein	1
9504bc452a0b485f00f00a160065dd52	0	0	0	0-Kein	0
677fbcb68a977250b0a62f782e20a5e9	1	1	1	4-Extrem	0
2cb7e5e0a0aaa69c12db98e261baa3d4	1	1	1	4-Extrem	0
8a8e757c864b071ae0982ad69bcab7d2	0	0	0	0-Kein	0
0ee1056524c0271ce28fb15bbc37b797	0	0	0	0-Kein	0
c42240081f6f8e33e3779ea832b21025	0	0	0	0-Kein	0
04c1e0e6b7301db113fba9d95224da37	0	0	0	0-Kein	0
bdcf7906897e8c022a7bd5b0e9630851	0	1	0	0-Kein	1
0736443d7222dfac7668ec529abd346f	0	1	0	0-Kein	1
ca49b92103febbb31fe8f2eab8c60521	0	0	0	0-Kein	0
2ff410f9e736a984780f9a2a6f8ebbae	0	0	0	0-Kein	0
994189f3db30f5faed668d9243b32381	1	1	1	4-Extrem	0
a3ffdee32f68b4e41a701f4916d3bfe1	0	0	0	0-Kein	0
04d2f55eb497906d567a3afddd789ca4	0	0	0	0-Kein	0
22cf66d3b34524ac502cb74df43d8057	1	1	0	4-Extrem	1
b757d0e53aae4e95671daf8ef6536aad	0	1	0	0-Kein	1
c2a87c581a23dab793f0486bb5a42250	1	1	1	4-Extrem	0
2268e9006b1fb2d7146c4ac9186277bf	1	1	0	3-Stark	1
c82595941fa3a8f3e15edbf715b745e8	0	0	0	0-Kein	0
4646314a5ef59f43a5484aa94c6ffdb4	1	1	0	4-Extrem	1
e377b9b379b0cb00f047a05d9eea374f	1	1	1	4-Extrem	0
6c7f6d726feb1838a26abec1c183759b	0	0	0	0-Kein	0
4698ea6985620f161cfd6f1eb4c8622d	0	0	0	0-Kein	0
ac7ffe67e619631a876e85f959951e41	1	1	1	4-Extrem	0
1bee97375a1ca3abf1c0a509edab0851	0	1	0	0-Kein	1
9613d3a594faef7db45a247433643a2d	0	0	0	0-Kein	0
1c462c2384f459877f6c2ff5c49efa48	1	1	0	2-Vorhanden	1
f79c027f1e49cfe70864c0f903dd6d76	0	0	0	0-Kein	0
8b2fb221bd9ee15f1a4efc672815afa9	0	1	0	0-Kein	1
be4abcc157124c782cef1bac21b73633	0	0	0	0-Kein	0
67bb25855fd2e985ac8eefee351ef789	0	0	0	0-Kein	0
16cb1bceb29458e0bdbd87ff1c460bd9	1	1	1	4-Extrem	0
73b3ed74440d6100ef8281c3ecd71e3d	0	0	0	0-Kein	0
2e468e6cd94518bf3b66db5cbfcf6301	0	1	0	0-Kein	1
1a8ab7635cdb06431668394a0e00a0c1	0	0	0	0-Kein	0
512970ee5d3de71a711cbf24e037f1fe	0	0	0	0-Kein	0
fe304f2976b1b1d7993068a0659a3339	0	0	0	0-Kein	0
1805e10655c282f638420c6d21c74dbe	0	0	0	0-Kein	0
b2b8e433d8838feb90be3ca7317f3209	1	1	1	1-Gering	0
424eaff6b7b20fc4696e5d38226ac841	0	0	0	0-Kein	0
7518f3a2f1e8817b4e8dfc209d6cb102	0	0	0	0-Kein	0
70d3ef6a5897dbe3a4382cb6e670d448	1	1	1	4-Extrem	0
2500c5777c5faa514b0a60f621c67361	0	1	0	0-Kein	1
051bf3b444b8ba46647e2883eb76549d	1	1	1	4-Extrem	0
fc3e2a2d86c8495f6f598635ff4435db	0	1	0	0-Kein	1
e9bd35171158a8a0e80e8c96d4f14477	0	0	0	0-Kein	0
aa2cc8d47abf6781645125b9f724be60	1	1	0	1-Gering	1
8ee2520ebebb364755a8090e7188e699	0	1	0	0-Kein	1
678279c680500e1701934694702e260d	0	0	0	0-Kein	0
b3a893248f15b7cfc87f5533557dddf7	0	0	0	0-Kein	0
33abab809f8d292d86a90bf19d60e0a4	1	1	1	1-Gering	0
79caf991d9694dd6240e0c6e3cdc9834	0	0	0	0-Kein	0
96495d6e34be680d55ecdfe0bb11e897	0	0	0	0-Kein	0
723f6dc143d40951739f574c26784bb2	1	1	1	4-Extrem	0
506f7d4e5708f6a079b01421695bffdf	1	1	1	4-Extrem	0
6edf7055a909a70059be98f6c3fe6395	1	1	1	4-Extrem	0
4cc32aea5a3211062a3054f6d84c3c8d	0	0	0	0-Kein	0
9d7846c27f9dbe29cd26aa719089fe5f	0	0	0	0-Kein	0
84bc2190122b631b147dfd4920f8fd9a	1	1	0	1-Gering	1
c97e711cdbdd08d69b7812d0bfd30fba	0	0	0	0-Kein	0
4bf31775397c8c2832c37d51dc26172d	0	0	0	0-Kein	0
a02fe356614ba245b19f717ae120ac55	0	0	0	0-Kein	0
daf527ef61a3c562d13971f7d210d6bf	0	0	0	0-Kein	0
faaa21f2ad5a823a85f56858d9b37565	1	1	1	4-Extrem	0
93a31ab092e5023a10c4776622b3d6bd	0	1	0	0-Kein	1
2369963ea50e41b61c727e4c107ceb50	0	0	0	0-Kein	0
fb4cdd088e1c0712d087ed1db8a68fa8	1	1	1	1-Gering	0
af2e803bfd901471faf9a02f3964b9bc	1	1	0	4-Extrem	1
f923b3569ab9ca6a2ec3cdbafce41206	0	0	0	0-Kein	0
57dc22aa9f785b7fb82897d4ffcac0d4	1	1	0	1-Gering	1
20ba6a3a3c7ece736d4263847b130526	0	0	0	0-Kein	0
b2a0657ddcfc5033fce02be3161027cf	0	1	0	0-Kein	1
0cfd4847a33db68c652e5cc8713113c8	0	0	0	0-Kein	0
4aaeeb53b3fdb792d3854a0e9305c441	0	1	0	0-Kein	1
4f006f6c93ced57d0d09feb2a16ae18a	0	1	0	0-Kein	1
34abdc6a93ce4308d80bec645a87904c	0	1	0	0-Kein	1
887cdba29c72eb58cda663668cd03df5	0	0	0	0-Kein	0
a755ca61ecd92ff5f617e8d79d7a4b86	0	0	0	0-Kein	0
b02e15948b2c3b518ae3951fb8a0825e	1	1	1	4-Extrem	0
22301c20846d7f8ad6f4096b75e79313	0	1	0	0-Kein	1
e242e52a72906e6ae3bdf51f04a82338	0	0	0	0-Kein	0
e5f658805aec24fe4806ca86fba80f0d	0	0	0	0-Kein	0
83937d942387475c17e0407d3c349e4d	0	0	0	0-Kein	0
3f4c9dbf4ea7dbf3be3b7eb29731bad7	0	0	0	0-Kein	0
8c3b7a7f6cf89960f353e66d20818a02	1	1	1	4-Extrem	0
adaba9a1d5cf9d0a75af0bfc8afa6ab1	0	0	0	0-Kein	0
498aa9c59223a0193e742fce7e8075cb	1	1	0	4-Extrem	1
13a44345e694825b268748e40e95ff91	0	1	0	0-Kein	1
8a939eb25421f60f8f9194acca026376	1	1	1	4-Extrem	0
dded137e9abe711ba85875541d2c4557	0	1	0	0-Kein	1
e0c13f1fb944f5d5640400d51e235742	1	1	1	4-Extrem	0
a4374c0f149ada215170fc947f7c0870	0	0	0	0-Kein	0
5b029b2123bcef115fca80cfb76cc0f2	0	0	0	0-Kein	0
29f01c5763aeeaef304f0ea85eaf75c7	0	0	0	0-Kein	0
46fa165c73a1c7d4e00942079c89f4bb	1	1	1	1-Gering	0
70ec4812110c49ee4c5b820eeafff58c	0	1	0	0-Kein	1
0fd2e4856dea59117776835772354cd4	0	0	0	0-Kein	0
ccb8166ae0edd2dfdd2ca176c60157e0	0	1	0	0-Kein	1
a340119098c2ef71c1e7b2375c447bd1	0	1	0	0-Kein	1
2939bd4bb9157a7261cfb1bbec9505f1	1	1	1	4-Extrem	0
1ac3631686d3cd3676c54c1b06b5e8f5	1	1	1	2-Vorhanden	0
6030627d46030290c8882bdfe6b58744	0	0	0	0-Kein	0
b9c1089c6c3016fd2c669b282727c33d	0	0	0	0-Kein	0
64e1a51322e8ab7057df11fd7421e95c	1	1	1	4-Extrem	0
567082aa6f041af187518215a0f3ea83	0	0	0	0-Kein	0
9f4425781b167cc686081a0bac3e1f29	0	0	0	0-Kein	0
47737433c01d77353ebed5d3c2edcc58	1	1	1	4-Extrem	0
0dfaa2022b659ee71baea3f7ceb8f9c3	0	0	0	0-Kein	0
9db8164ef8ec4b9ad105a1ab4e4009e2	0	1	0	0-Kein	1
f52b253578e02025e81a1502b415b2c4	1	1	0	1-Gering	1
23e9575118b20ce6fdcb77e334fd84f4	0	0	0	0-Kein	0
4ac1edfaa6cbb0223c61f820298ef9a0	1	1	0	1-Gering	1
058a647cec4a96bd0532b457a918dc05	1	1	1	2-Vorhanden	0
c6c1803b8032214acdeb156d1a1a75d3	1	1	0	4-Extrem	1
b0914950366ad8fbbe1d88d752cb99bf	0	0	0	0-Kein	0
869addd11e168a133c65ef4a8214a3ef	1	1	0	2-Vorhanden	1
e0e5c62d69b7e284394ea239fee3d9da	0	0	0	0-Kein	0
12d266f8af92472304927d126720cbda	1	1	1	4-Extrem	0
c3ab980405c57170d6702c4743c1c4ce	0	0	0	0-Kein	0
7dba4031ce530f85f7bb17dca671bcc3	0	0	0	0-Kein	0
4f513d18433bc1ba7170474b41edc19a	0	1	0	0-Kein	1
c4d2e3cc576086318d11a99e609021c9	0	0	0	0-Kein	0
f8390a7ea2f93e0ff5c6ec0250ac8103	0	0	0	0-Kein	0
bb2582056f2bf10a7588447e9b3cd87a	1	1	1	4-Extrem	0
0c0890cb4d94443edc86c0ef4596b59a	0	0	0	0-Kein	0
b578926faf096278f568ac4c4c489dcc	0	0	0	0-Kein	0
b7b109483eaaa2ded2baa4318cd6f621	0	0	0	0-Kein	0
73f8b976818d3a02f00063c985a0f6ed	1	1	1	4-Extrem	0
a920fbb7cfd6d60c61af5daa85f67dd4	1	1	1	2-Vorhanden	0
a526d13f4a3ed091a95f220b291c096f	0	0	0	0-Kein	0
72f585b93904e063351a12a997616e1b	1	1	1	1-Gering	0
bbd68bffafda7a5a956f5d790aff5cf4	0	0	0	0-Kein	0
4159df7c9de088a60a19f53665781e87	1	1	1	4-Extrem	0
b01adc4e3154f3852381611871793721	0	0	0	0-Kein	0
cf575baffa14cf3825b3db79f0925441	1	1	1	1-Gering	0
3edc43c72508c39827a172459b03a682	0	0	0	0-Kein	0
bcb49daa3c1cc6bde8458fefd9186d00	0	0	0	0-Kein	0
af5f03aa700be7556de58865cf0c79d6	0	0	0	0-Kein	0
c34ea692cfe4f5953001b5cd008a8699	0	0	0	0-Kein	0
ebf0dc337b1568f4829e5a4ae973577e	1	1	1	4-Extrem	0
8bdb02901c62cf0a018708900d50af84	0	0	0	0-Kein	0
3e847beb6ff2fca0c98d1bab54b19a63	0	0	0	0-Kein	0
d7c69522637ddce551117b36478aaed0	1	1	1	4-Extrem	0
f5499b9abb91db1679807d71aaa45ec1	0	0	0	0-Kein	0
3f983d6307175806f2bfbcbbab710d36	0	0	0	0-Kein	0
9e5d9c9948e3892aa42f1b0e4e0b6de2	0	0	0	0-Kein	0
84fbb3469459773903a1c2fdebf75dee	0	0	0	0-Kein	0
0cd0879b25ecef915801d764d950757b	0	1	0	0-Kein	1
d09199b680b37350f36caaaedaa9073e	0	0	0	0-Kein	0
2fd8ba205040f54823ecfee7e122dd00	1	1	1	3-Stark	0
d6cf0c29c4e454b7d3c440540c925db7	0	1	0	0-Kein	1
9984afa72e1fb8b01f4b92dca502110a	0	1	0	0-Kein	1
fc2d1760601741e12de92bc9812bc646	0	1	0	0-Kein	1
6b00b706826a56bb74729e3ceabe1513	0	0	0	0-Kein	0
5ab2cfba2e552d575384b245dfc458d0	0	0	0	0-Kein	0
07946ef8f53542592426900d8cdfd5b7	0	1	0	0-Kein	1
d4fb8445809fb49f11d62d4a668fce8a	0	0	0	0-Kein	0
2faaa288e7b66ccf5d9087db5a34c394	0	0	0	0-Kein	0
432794d67717f8bdafe2002ccb39f2dc	1	1	0	1-Gering	1
df10539415abcee1273558acabc9144e	0	0	0	0-Kein	0
298858a0b26a7d5036359737101fa218	0	1	0	0-Kein	1
a27232d56b1fa8e4c1fad68ab059a859	0	0	0	0-Kein	0
11066e56edcfbe89d0c3cf0dc4bffb6e	0	0	0	0-Kein	0
53c372e40097d0b3a3318b275d85732d	0	0	0	0-Kein	0
a8a7329eb9a2f364be95795cb95bd1ca	0	0	0	0-Kein	0
9113c8ded5166bb5fca28bf4ac2e0231	0	1	0	0-Kein	1
db61badd646249ff7f311d6bd40eace4	0	0	0	0-Kein	0
892250663de7758a40fbf4cfafc9f5a8	0	1	0	0-Kein	1
d8aa01c31b213f373442217e0927fb3d	0	0	0	0-Kein	0
d4a0f183014324182f2e5b827d7a00dc	1	1	1	4-Extrem	0
9ff264056eecda2aca9c517a3ebad18c	0	0	0	0-Kein	0
ddb08295c253137aefde548a348e81af	0	1	0	0-Kein	1
37b88b90e2577802b6ae417fe36fe892	0	0	0	0-Kein	0
645034686d4e2fbe82c066e2cfdf56fb	1	1	1	4-Extrem	0
4d0bce4cbca845699cf633c488b62dbf	0	1	0	0-Kein	1
54a56f32b418976dc81bbefa18bb7a05	0	0	0	0-Kein	0
86f0d96950d3f8a7a7bf7b955e0d6927	0	0	0	0-Kein	0
be6ec0da7047b6ef6325a3ce42d4727a	0	1	0	0-Kein	1
2e195311b23f096f3ced2bb8d7f31ec0	0	0	0	0-Kein	0
51ab079e7cbaa72dce1ab40195d8f0c3	0	0	0	0-Kein	0
42df0e03ccead3cd0f15b83f426ba19a	0	0	0	0-Kein	0
95332e9fb7884d49e6031d0ee542f471	1	1	1	4-Extrem	0
ac7b268a5fb8f2c795e72e52a51980a3	0	0	0	0-Kein	0
8c8910700c60937c07a1ae6f8a8b942f	1	1	1	4-Extrem	0
e2d13cfdf5408194fde9189b6c3b3c08	0	0	0	0-Kein	0
0daa7cb859a32c50919f1107c2abf694	1	1	0	4-Extrem	1
8cc3246de144615493fe1137fef39534	0	1	0	0-Kein	1
38885842e846194263936ff2df5f1739	0	0	0	0-Kein	0
aa0f0b9348a23ee28a1f81bb33632b8f	0	1	0	0-Kein	1
0a795360a45b17b70d8742ed737cfdd4	0	0	0	0-Kein	0
283b74a259e0b2fed73ae5fe025a8540	0	0	0	0-Kein	0
944f9b652174e7b7a3c963c8de08cfd8	0	1	0	0-Kein	1
111401379a5e82fab3c68826671bab5f	1	1	0	2-Vorhanden	1
f18a9f6057090492b569c6cd5217f0ee	1	1	1	4-Extrem	0
b862022a85a34b03a4d573f944024466	0	0	0	0-Kein	0
2f6e9dc2a40dd1c63af7a3235a059d73	1	1	1	4-Extrem	0
a739f70a1cfbd2c16c44674dd72bd053	0	0	0	0-Kein	0
791ffe3dbe7de126907f784d28bd1a2e	0	1	0	0-Kein	1
8c70094fa3847a6f4c5835f814d4c36c	0	0	0	0-Kein	0
e739de97956aae2df580e8a09ad0df25	1	1	1	1-Gering	0
ecfd97533005325044102f41ac0bfb4e	1	1	1	4-Extrem	0
cd1d71e5133f3fe48a721d1099593b06	1	1	1	4-Extrem	0
5299a509cd27c0d831cf5a268d0da06e	0	0	0	0-Kein	0
80fb41f51770930eb2808585a96a7320	0	0	0	0-Kein	0
3be21a599e168a7ba8ed23ddda9611bc	0	0	0	0-Kein	0
fb229118e648597752c8c0c40ccec644	1	1	0	4-Extrem	1
d8bb3b655da22bdc5e850084143ca01c	0	0	0	0-Kein	0
c86513d81e9ac7b69bef71836c9c6dcb	1	1	0	4-Extrem	1
94e6a23d78dce36a61588ec8a53bac11	0	0	0	0-Kein	0
66304f958d90e03d3c179390054b4917	0	0	0	0-Kein	0
a4f53919dd9c118002b2f7dcef2c5813	0	0	0	0-Kein	0
560abd6d6729a3c791385465d7510d13	1	1	0	4-Extrem	1
29b15a6a661d233763d43d8d5f024df6	0	0	0	0-Kein	0
60d2af7e878541a176e77ba93ffce02e	0	0	0	0-Kein	0
09781b862951d6e646c62fc70d6a934b	1	1	1	4-Extrem	0
cdd0caeffcc7fa7714f18e021e37365a	0	0	0	0-Kein	0
390fa2ba2775e70fbb9e10ff5f3765b7	0	0	0	0-Kein	0
ca44698d4f703a2c065ca34e9838d8f7	0	0	0	0-Kein	0
f7c8453468fea6bfee9e4a23ed3312b4	0	0	0	0-Kein	0
244a970696eeb1478fc347c8afe799e3	0	0	0	0-Kein	0
786d2d971df823337a0080883b6a4cfc	0	0	0	0-Kein	0
6340e834649645d6998d9504803abf8c	0	0	0	0-Kein	0
ca38188b6b6697bc6935c29af99e19ed	0	1	0	0-Kein	1
bf9c0608528e66ab2db9ce06c8481b72	0	0	0	0-Kein	0
21d1b9d79e967d9c43a3a61dae40dedb	0	0	0	0-Kein	0
64cd9a0a07edbfe3ccd78988bf7e9f8b	0	0	0	0-Kein	0
1fea9a6a7db82c956809aca8b5120048	1	1	1	4-Extrem	0
abc00c0c7727f30964cc07cab1bc73f4	0	1	0	0-Kein	1
211861a7fc0a037c316b09df7f6d9178	1	1	1	4-Extrem	0
0172bedeb43153c433d91e6f2e5f8895	0	0	0	0-Kein	0
eff3481b9df2e706bff0370739ef088c	0	0	0	0-Kein	0
b01527b4fa2048296bea2df0c057e524	1	1	0	4-Extrem	1
90f4e2bcf442fad9eefbfd95cc6e34f1	1	1	0	4-Extrem	1
2006685abc7d1709dd7ee24e2b76eacb	1	1	1	4-Extrem	0
7b5fc6d37a65598babfccba147e06c7a	0	0	0	0-Kein	0
0212335e17d9782a5baa9e8b4cd6ec63	1	1	1	4-Extrem	0
b192cc5ad2fbc957b56ebf84bf5cf351	1	1	1	4-Extrem	0
cdd879caa966901e78a01097471cd71a	0	0	0	0-Kein	0
b28e8a22b37eafe89e993b7ddcf8e524	1	1	1	4-Extrem	0
3a3b923465737d1a21254465313e5f5e	1	1	1	3-Stark	0
9d7cb033e8306b9b24b9824c7796328a	0	0	0	0-Kein	0
e76e3fbe841e9c4926564c312107b227	0	1	0	0-Kein	1
ba6b955474e78529ecf6194ecc1856d5	0	0	0	0-Kein	0
5676e26afd6755bb630ee3dc2e62195f	0	0	0	0-Kein	0
cf16e6daee8a793581ef52243bb134af	0	0	0	0-Kein	0
e0c9cca6f54a32ca9a6801429088a220	0	0	0	0-Kein	0
3015e7d2e66cd6e9cb6cdfc63da7e50f	0	0	0	0-Kein	0
56412a6af13a77a7258154921f34fe31	0	0	0	0-Kein	0
b96755267b279b8894da2d2ba03390b2	0	0	0	0-Kein	0
def0c3ae6d64d62be80701e0b5693572	0	1	0	0-Kein	1
340c6dd0a6ff93707172b52338fa9f9b	0	1	0	0-Kein	1
c62e7fa110dadb267a6afd495b33d6aa	1	1	1	4-Extrem	0
e557483b7beaa7321caf54d540991a48	0	0	0	0-Kein	0
8ff0524693d152d63c11239a7aafe5f2	0	1	0	0-Kein	1
d239cf0e266fc59ceaf215a3cd375a9f	1	1	1	4-Extrem	0
64538f5bedc87a59a7bba269d31ab7d8	1	1	0	4-Extrem	1
2685f14cf5ceeadfa03d0097292f480c	0	0	0	0-Kein	0
6f7cc46bb19bb9d6db21e67b47bb8ecb	0	0	0	0-Kein	0
f7f6553bba1376feb85f6452282aaacd	0	1	0	0-Kein	1
676a302db4653e4fa2a1184c72c7dfc8	0	0	0	0-Kein	0
bc642862e1c1181a7730d63eb8a8fbc2	0	0	0	0-Kein	0
25cb99b9ded24bc03f29e9be357c4a29	0	0	0	0-Kein	0
16198d2dee11e1178ce9201fda4739eb	0	1	0	0-Kein	1
095cab504f2836feb6089bc4df1ef83e	0	0	0	0-Kein	0
7f56342b4f0f9c3f6a0b1f383baecc87	0	0	0	0-Kein	0
c288dd849b458325d163bdd85d688444	0	0	0	0-Kein	0
74d87453c2e6086ced2a4333d7084826	0	0	0	0-Kein	0
df5d4e9f801503185345a4d924a65862	0	0	0	0-Kein	0
102216ed7d1359bfbeb5fc37f08b5f39	0	0	0	0-Kein	0
4a595c4917900bf5dc35a537f3fc99b6	0	0	0	0-Kein	0
03084f9784a908689213745664bb7ac2	0	0	0	0-Kein	0
1e1cf6ab3caee287a4e2ccbf5f3ec410	0	0	0	0-Kein	0
b7978891578efe0822126a87bdc362c6	1	1	0	1-Gering	1
f9c5a52e220003bdb3c38edee0cff674	0	1	0	0-Kein	1
0dd6d3b3fccd0b91e153f6d575ba9356	0	0	0	0-Kein	0
6853790f9aa8789cd2482776476d1ae7	0	1	0	0-Kein	1
f52cbb616684656cae846b6044962a9e	0	0	0	0-Kein	0
f9ce608ec38919a6272f93d9c14a6a10	0	0	0	0-Kein	0
c9574d8d0d77df94c57a75b509462103	1	1	1	1-Gering	0
a094299e546513ad6b8c44dc5d6cb538	0	0	0	0-Kein	0
0f84895410bbf21e9aa7e6a3caeeb3d4	0	0	0	0-Kein	0
fecd8cf59ef158adb2e20572fc712734	1	1	1	4-Extrem	0
b7204134b19f7e76275e74513597236b	0	0	0	0-Kein	0
8230666236f193706e27e78a253f7962	1	1	1	4-Extrem	0
afd79df02f28c62a8be0ead253c121ec	0	0	0	0-Kein	0
52a18643f4de0ad8fc55cde5152b1dd4	1	1	0	1-Gering	1
6cb6a379b074b47f3590f222e5644d0a	0	0	0	0-Kein	0
51448dd4e719c735a311392bd20f7baa	0	1	0	0-Kein	1
a60e542fe21219ec2235fa50a40a8f94	0	0	0	0-Kein	0
e056562b0079fefa4a8f942c3a7c7e69	0	0	0	0-Kein	0
ba00bb26c4afd5c2a47a3ce90b61a2f0	0	0	0	0-Kein	0
961ac02cdbaef1fb32de8995728293f1	0	0	0	0-Kein	0
13a9c90f5926d2eec494c0bf0d77f6da	1	1	1	3-Stark	0
1455057b82fd3a8b7308d154a5f87008	0	0	0	0-Kein	0
707c80d4fb17cb095a3cbfacae733edd	0	0	0	0-Kein	0
eafa207669c5ae429b1f72479ef93912	1	1	0	1-Gering	1
84a0262d09c396df21ea70a167962e09	0	1	0	0-Kein	1
12110a374627ad5aa02b974e524bcb52	1	1	1	1-Gering	0
ad6f9a964e6078bb627825e50fb395e6	0	0	0	0-Kein	0
fedad538d702e6fcafcf6b5e76169bf4	0	0	0	0-Kein	0
1d39a13258eff56f6a9c1c9e888016ad	0	0	0	0-Kein	0
4298973c3172435a9f93a70f4af0f501	0	0	0	0-Kein	0
334552e8bfc25ff2feb3851e177fa440	0	1	0	0-Kein	1
9f081f1429e728162473140e9afbe738	0	0	0	0-Kein	0
b99f5b5d6e70de16234c4dcbf0d401ac	0	0	0	0-Kein	0
b4903da7b452eaca6e249347467fb25c	1	1	1	1-Gering	0
743af6d6e6b6dd300b9e5feaabe5893f	0	0	0	0-Kein	0
4cf2cda476ab5e0be4626cd7676b234f	0	0	0	0-Kein	0
45981463a321728d164d53de83a7a0f8	0	0	0	0-Kein	0
19d2c07ad8dfb3f1b194d29586cda0db	0	0	0	0-Kein	0
a1aa66091e4c6f86861296387060ec23	0	1	0	0-Kein	1
b67a72671a1f78441c4d25ad7beb468b	0	0	0	0-Kein	0
58bb86d1835cd001f89bf65163dd6c11	0	0	0	0-Kein	0
8637142af3c04b86204b9e7c26bf6e36	0	0	0	0-Kein	0
eacc09c0eae166430fdfbb80528594cd	0	0	0	0-Kein	0
f743e084ee8a8a580f0d5daf4ed117d1	0	0	0	0-Kein	0
c6a18e958dda067cd50115318ec087c4	0	0	0	0-Kein	0
1627765257162d4d5bd7bd1fcd01c533	0	1	0	0-Kein	1
831331fd65e542a149da57d93bcf817d	1	1	1	4-Extrem	0
1ea3605de71048803316bb2371957053	1	1	1	4-Extrem	0
2bfefd7d8a0a68630c33eec5ace1a44b	1	1	1	4-Extrem	0
fd5d2ac6e95096fdbe7a20010f9515ff	0	1	0	0-Kein	1
26fe8f7947f597a4fea57536c26de0e9	1	1	1	4-Extrem	0
5aa42bba12bb3a03a8392445ffd23c94	0	1	0	0-Kein	1
e86f312818bb3113f1a8f510474d3aeb	1	1	0	1-Gering	1
1bf8328df1ead10dc7a0330f6566dfb5	1	1	0	4-Extrem	1
9466ca7bf6cea4676dacbff1eea4f2d1	0	0	0	0-Kein	0
366aeb9523bedeffd1c4622a6ece1435	1	1	0	4-Extrem	1
f4f4b01f28acb7a6f2656b7a1a1b7760	0	0	0	0-Kein	0
14d024b0040de599d7cf91f0bb5bec0a	0	0	0	0-Kein	0
7969178f4abafcce0585cc9efe4629d3	0	1	0	0-Kein	1
501c5aa8c6ca1e986a71b3d0d127ef4c	1	1	1	1-Gering	0
4af479918054215314ed46101ec9625e	0	1	0	0-Kein	1
942bd0dd8dbfe57100d0550a472352f2	0	1	0	0-Kein	1
50637301887754caf9e138cd5c19425d	0	0	0	0-Kein	0
eb6d869bcdd60b6700188ee91416017e	1	1	1	4-Extrem	0
eb64947b0a03a7320dba83a866111c9f	1	1	0	1-Gering	1
eddeb8ed3c87b76daea56a25043c2262	0	0	0	0-Kein	0
f9e6fc478866e9d0a3ea2f793c360dd0	1	1	1	1-Gering	0
177dc4243a026f23c023bc16f61e3871	0	0	0	0-Kein	0
4bce613f82efb7d3ba604a799c747eaa	0	0	0	0-Kein	0
faee2e26853bd66cb751dfdd935d9f20	1	1	0	1-Gering	1
9126d25bf4775ddffb9906caf058f7f0	0	0	0	0-Kein	0
a0348ae7e773be3f837ac98cbd33277f	0	0	0	0-Kein	0
4afca2254b34f6624635f605e00f8f19	1	1	0	4-Extrem	1
ab372fda300982ea1de0e663b0e8ee09	0	0	0	0-Kein	0
8c3e2b35bfc211bebc7b6833abdf5470	0	0	0	0-Kein	0
8810ae44b932fc8ee9f145118cddcbb4	0	0	0	0-Kein	0
f95679e7bff7f23a3d507d6550e2a25e	1	1	1	4-Extrem	0
7bd166970a2501d54be81008c56f01ba	0	0	0	0-Kein	0
e8fb7a9baeeb858153f4fafb8fd43568	1	1	1	1-Gering	0
d21ffbaadbe8b86f85a5d7eacb3509ff	0	0	0	0-Kein	0
80871889db07a6f67eca230a3185c2ea	0	0	0	0-Kein	0
3f0069a68efe367687684e0a7eed29cf	0	1	0	0-Kein	1
d27f5585fe31671489a7b33a63e60b9b	1	1	0	4-Extrem	1
b20945079c8cbd94de5551cb1d380baa	1	1	1	1-Gering	0
1924f931bc6020e28f32aa550993f4fc	0	1	0	0-Kein	1
c21c297b54d009bcab8e8d81d1647081	0	0	0	0-Kein	0
4f8124210b6f4115140660116b5d14b8	1	1	1	4-Extrem	0
036f50f197f7c72d9be50b900a3713da	1	1	1	4-Extrem	0
deb4ce875a2f61cc8be55983d4549a3f	0	0	0	0-Kein	0
76eea2feb34d1dfecced1076cc6677b0	0	0	0	0-Kein	0
84e2c3b6192cbf0b4a7a365a62cef38e	0	0	0	0-Kein	0
b2deaecb09532ffe6714693aaf36ad5e	0	0	0	0-Kein	0
5fe827b3f656081484b6a82dbe7319fe	1	1	1	4-Extrem	0
0e292d9b6853642eb53ddf8d1a2101fe	1	1	1	4-Extrem	0
eb8ee338660b8fd52137f3f048b0d570	1	1	1	4-Extrem	0
f454a8b8a326d470d9bb65b1a489820f	0	0	0	0-Kein	0
d1d544d840121872119c6f11a110abae	1	1	1	4-Extrem	0
b5894efe8d1b66033d99ed466527e42a	0	0	0	0-Kein	0
a95928af922b1ac32b733a2835a855eb	0	0	0	0-Kein	0
2a3e7cfe15d6f5b6cc00d2f11d5a1390	0	0	0	0-Kein	0
da90b865629197f264d7059c62a28023	1	1	1	4-Extrem	0
5eed650307ddee8b0b45c1de40ee975b	0	0	0	0-Kein	0
2a94579bdbc02d1e20a1abe7196a9581	0	0	0	0-Kein	0
5ef72e75ff8e1286a2f01a0694fc05d2	1	1	1	4-Extrem	0
1d835c4578d5f90c834958447e2d9442	1	1	1	4-Extrem	0
539c45351ea69503bf4a6ee186f9cee0	0	1	0	0-Kein	1
90b531d2e89dd57a6914afbd77a83cea	1	1	0	4-Extrem	1
cc1ddbc5d6d484a7f28ab400a9af067a	0	1	0	0-Kein	1
187ebd1a832697af2cd91a91ce1126fe	0	0	0	0-Kein	0
92779cda5a8c69151d6f57f07a7d555a	0	0	0	0-Kein	0
a608854cd85e77e22624743727f2a8f3	0	0	0	0-Kein	0
2f1248b7ae3fb647ebf9ebdca85566e1	0	0	0	0-Kein	0
754548d6ba35cb0ad03064103444f6d6	1	1	1	1-Gering	0
ab7f1f586f6622947800d112f96fcd93	1	1	0	4-Extrem	1
06773de2ec361446cf74656d470df347	0	1	0	0-Kein	1
3e506a3b0734232308b06b0d06a2643d	1	1	1	4-Extrem	0
6098ec3a52bfadf9e2234eeb11694fd6	0	0	0	0-Kein	0
2f8c5d04140374db91929391c141756f	0	0	0	0-Kein	0
066ac7481be89e0b355a41a4ff306b2f	0	0	0	0-Kein	0
bf2d7190cf44b256f37d4560669ead2d	0	0	0	0-Kein	0
1126d0ec3b2b6ce5ca1d889ff3a017af	0	0	0	0-Kein	0
404a2af5faf88536c3433612ae94c35f	0	0	0	0-Kein	0
982b490327412bdcb75cffe5f7804d5d	0	1	0	0-Kein	1
10633f802b273062373fbef5a1b5ebb1	0	0	0	0-Kein	0
926a821910adaf0b23596f8ec9ca328d	0	0	0	0-Kein	0
278f007c18d7fb58b91fcb094e7a9f28	0	0	0	0-Kein	0
236f33a7e26673b46a2903c50e63aa7f	1	1	1	4-Extrem	0
843e72267a4a4422345f614c003b8a27	0	1	0	0-Kein	1
8331c907fc4e3ba593d897056c8caa8f	1	1	1	4-Extrem	0
2dacf553ee2b2e7278055d9f1b5c8bd0	1	1	0	4-Extrem	1
5947c61c14553a2b89a2e9fb8f2a7692	0	0	0	0-Kein	0
5d720bad434a63bb47a04d13564df92f	0	0	0	0-Kein	0
15b572d8b6e7e9a869c7d6fe1dfd364e	0	0	0	0-Kein	0
6c42f26642ffb8b46f81570554981590	0	0	0	0-Kein	0
022a64e343accf7b0697ed399208eeeb	1	1	0	1-Gering	1
3eebb26a279bf78b2f877aebcc6014ed	0	0	0	0-Kein	0
7b234b5807aafbd2b8c4b20f56247879	0	0	0	0-Kein	0
ee6eaf6bf76a71930c0cbf871eb31658	0	0	0	0-Kein	0
ad47053ce10e4e84d58051f53f81d931	0	0	0	0-Kein	0
f9d2a0ea7489f0fdb024d54870a85e1a	0	1	0	0-Kein	1
1aede8b6ef06d4651aead8c2a8095918	1	1	1	2-Vorhanden	0
0634747d7c3144e9e5c32d3f46be0f57	0	1	0	0-Kein	1
3b1509a638bc8d19731a38227d6e13e4	0	1	0	0-Kein	1
5f34a4be7511481399dada870284b7a5	0	0	0	0-Kein	0
053e4d7097e6bec94d6bcec89a0c2833	1	1	1	1-Gering	0
5c7d2b373f465f64073f337cd9caa004	0	0	0	0-Kein	0
f5b31a1141e891c2b5d83fb278f529a9	1	1	1	4-Extrem	0
7e16f30367c7e45d86e3d7eed6fec48e	0	0	0	0-Kein	0
f938b1aca826efbfe65707c8a6fdd115	1	1	1	4-Extrem	0
38b1cad0857eec45d07e5d4f12825dca	0	0	0	0-Kein	0
98cd4ae3185549487c9c7ff325004957	1	1	1	4-Extrem	0
8bfbdf2e5d72ef8cf1ac21dafee56520	0	0	0	0-Kein	0
b7fdcd32d24ff325f33476d02a91d3e9	0	0	0	0-Kein	0
9cc8245df0749c876223d72a027e6a5e	0	0	0	0-Kein	0
fcbca8d8ac1f98040deaa5d983a61aec	0	0	0	0-Kein	0
b3cfcf48fa54f61444a623d10a357aca	1	1	1	4-Extrem	0
d2602b504e513f5f706eeadd9416fef1	0	0	0	0-Kein	0
8269ccbd4f30f31d9fdf8b06c97dbfe7	0	0	0	0-Kein	0
1c4dfb5b0107fd0c1b8b726f9fc81724	1	1	1	4-Extrem	0
7a657d62a82e64d17dabf817a39619a0	1	1	1	4-Extrem	0
694ec12869c32c839adc1fb44589e57b	0	1	0	0-Kein	1
8f96324b9271c69a5ed7d3379c8ff7cc	1	1	1	4-Extrem	0
0bcf67de8bf3cec490e6f6c39391e5b3	0	0	0	0-Kein	0
661afb80d1c9d7a46f5956997dc61f32	0	1	0	0-Kein	1
ee01498bccaa325bb2f37fd0e30a34d4	1	1	1	4-Extrem	0
c42162f111a7a6547b59fb1541236087	1	1	1	2-Vorhanden	0
d8b7aeca98deac3071c88f3655f79fe5	1	1	1	4-Extrem	0
c45397d82ae5790548b4f0856d406a1b	0	0	0	0-Kein	0
4f0f5332ec5359823aa91243301f095f	0	0	0	0-Kein	0
60d32d39b332f24217e5879ed010a611	1	1	1	4-Extrem	0
5d94d4653c43de9c56fc3a8a8eb651dc	0	1	0	0-Kein	1
c8b4954b2e48b93f57c92d1210947417	0	0	0	0-Kein	0
1db5a6e37edba3800c12c682fe6d3631	0	0	0	0-Kein	0
f22246bcd6d01bded4bc14d683f1dfa4	0	0	0	0-Kein	0
1031f8a62a8ccd1c78f62eca66123147	0	1	0	0-Kein	1
71837cf5807bda400c401cc641567903	0	0	0	0-Kein	0
f6425af650a66058e9b52d9bcd02f129	1	1	0	1-Gering	1
653546cfa50907d63f410094a6f0f265	0	1	0	0-Kein	1
6b8e6b360d3cc588a5909fc703fe5bec	0	0	0	0-Kein	0
37eefde2f1610aa06b5c0c22595a2088	0	0	0	0-Kein	0
4344f613d7c37a2fa79783c238ef14fd	0	0	0	0-Kein	0
3ac49ced40220d5850db29fbc5fb06fd	0	0	0	0-Kein	0
044ef185e34c4813298418e505c30922	0	0	0	0-Kein	0
57313ea18e89d211d9851df31fc671e7	0	1	0	0-Kein	1
c5f19d948afea710cd370c364f7213e4	0	0	0	0-Kein	0
c8f9ffef8e660038fd52c18eca92af7b	0	0	0	0-Kein	0
511140a72cb7719145dc34aa8601446b	0	0	0	0-Kein	0
6d31be28e45a310b13cf487134de9df9	1	1	1	4-Extrem	0
06d9cd167d41a6b550b7a1d21c0129b8	0	0	0	0-Kein	0
6d0a6ea9950f3ace1df5e032a6450a4c	0	0	0	0-Kein	0
ac8d6651c86eff289c054879ab6ac65d	1	1	1	4-Extrem	0
c03738a7ba174608b213420911133c52	0	0	0	0-Kein	0
522d54c73677fefe7432976a1975dafb	0	1	0	0-Kein	1
9a486cd0d8af95b1c9edb3b6f4326d14	0	0	0	0-Kein	0
71cf538923cd4141e3d2f46d75aaeac2	0	0	0	0-Kein	0
bdd8a450523590b16940f924442f5875	0	0	0	0-Kein	0
e6b0bf6ba88a30b8dcdf761e344bd5df	1	1	1	2-Vorhanden	0
bfa54424a4c7302b72e2edce74193108	0	0	0	0-Kein	0
bf41485161cd2a9e5d2c474dc99872c8	0	0	0	0-Kein	0
2a10c779a4256689c3722ba3300e9d03	1	1	1	4-Extrem	0
bef6c4ca18b92eae1f3252a7e8d4a598	0	0	0	0-Kein	0
f73860bf1d2430e5a126bd673291fd2d	0	1	0	0-Kein	1
8b3d7df68031741e10a35953f5add9ae	1	1	0	1-Gering	1
621369d924fbc3e4cb6a3587adffa195	0	1	0	0-Kein	1
78f998d6477eb3188eb0d5f608343b0e	0	1	0	0-Kein	1
4a1f44e95aa62b610429d7c8eabcf159	0	0	0	0-Kein	0
f7560d6c789da7d7a3077c4ead252e5f	0	1	0	0-Kein	1
d3f17ea72269deb8e6a09f895141f89f	0	0	0	0-Kein	0
f900f59b0041c20424b4633879199504	0	1	0	0-Kein	1
b4f8fbe3d461e1e36e0bcf4710aa1fb3	1	1	1	4-Extrem	0
2f9a904bc57b34104017c080fb0c2fae	1	1	1	2-Vorhanden	0
c3b83683c0be74a4a3fbee1106f61aa8	1	1	0	4-Extrem	1
210ca2441b8bed1ff4ece0179c19d3ee	0	0	0	0-Kein	0
60454ba153ecd2e49984c970ee79bcef	0	0	0	0-Kein	0
48ece133ee9f9379596f1d28a1c8e4ad	1	1	1	4-Extrem	0
8d654c59b9a107d8db2833a64b0986fd	0	0	0	0-Kein	0
f3940797668b4bbed3218bcb8443a672	0	1	0	0-Kein	1
75f2d703f5c6171bc4b882846e3d2ea1	1	1	0	1-Gering	1
af4bd9130b5365ae32babdedf556af28	0	0	0	0-Kein	0
6f029411ed159d39e55eb68ff4cac845	0	0	0	0-Kein	0
af91ecff2d2e510cecea5e75bd52af6f	1	1	0	1-Gering	1
283a44135a35099f6ad3283f9f412dfb	1	1	1	4-Extrem	0
0ca785899eab2ed338156b6da919cf1b	0	0	0	0-Kein	0
a377552cab601ee5146b8be3d832fd51	1	1	0	3-Stark	1
79f3b93b7ea9a8d22cb852d7196b6d47	0	1	0	0-Kein	1
176c2f78be9c2e6f129d5b7745b21fcd	0	0	0	0-Kein	0
70a048ee70ad2eba614b9a1b3b22c22d	0	0	0	0-Kein	0
e748ed58666effd148cface80f8e6fcd	0	0	0	0-Kein	0
e8a2b8d8a140cb8ac5b28a477f7ebb79	0	1	0	0-Kein	1
fe7a5f34337dec1e8d5c1706824e8098	0	1	0	0-Kein	1
29e46b63c7714e2bedc157b57eb2b196	1	1	1	1-Gering	0
b2958a703d2b9b9d7eb88b24c22e32ea	1	1	0	2-Vorhanden	1
b33b8e4d024de1b2e767c2b6062a486b	1	1	1	4-Extrem	0
b4e3fbfaaa3c1197af9860fa5796fe65	0	1	0	0-Kein	1
07c36f8f9ae2d223025c00f70c843e83	0	0	0	0-Kein	0
99aee1ab63254fa823a39fcc1b712521	0	0	0	0-Kein	0
fc299fdd297e5062b99082dfbe62aebf	0	0	0	0-Kein	0
9c7665ff58d2e64ff7320c1f5922a707	0	1	0	0-Kein	1
336c2c1479874286b2cff2092ccba391	0	0	0	0-Kein	0
880dde24ce3e0425fbe1484ff02deeb9	0	0	0	0-Kein	0
42bdbd6dea70c0dee604b4429a9fe32f	0	0	0	0-Kein	0
1d3c8842252abdbd778bf44f21e00980	1	1	1	4-Extrem	0
3817f5bed74bc914a91c87b599212dbd	1	1	1	4-Extrem	0
55eb8017d9e0291e33fb030a51c1c99c	1	1	1	4-Extrem	0
580c0b34692d517a953c34ce5b234d45	1	1	1	4-Extrem	0
5cdf5f34955740a05e2f957ec82121a1	0	0	0	0-Kein	0
a685e8c6c94413a353cc1371aac506cc	0	1	0	0-Kein	1
f40d467108bc9f7ca81ad472bcd3780b	0	0	0	0-Kein	0
cf0976bbd5916871f572266c7d979291	0	0	0	0-Kein	0
533c8fcd5f1aac6e66e01e99540090ae	0	0	0	0-Kein	0
a0c93bada4246dab54ed9d4aa11824e1	0	0	0	0-Kein	0
7ed1b5a5879dde30d274b930ab78b85c	0	0	0	0-Kein	0
3320d47a30f75c95c8fedc403ce92043	1	1	0	1-Gering	1
1964ea7fe87ab40cbb893c39d595c757	1	1	1	4-Extrem	0
3a93cb146522cfff0170cc2cec2dc307	0	0	0	0-Kein	0
7fb6b635b9411fe46d980efd93be17b6	0	0	0	0-Kein	0
f40ff5ca1e4baf2ffb6b37e220bbf333	0	0	0	0-Kein	0
255852facc2ddef44c84941749b1c9c4	0	0	0	0-Kein	0
78d4d57c49de2de435a273f6d223b09e	1	1	0	4-Extrem	1
886d1a3771de047ae22513d166b9a577	0	0	0	0-Kein	0
80f37ec18c8fd30ae21f21cce9ea8cc7	0	0	0	0-Kein	0
f2fb350b71efc2c8546d2f402fbf8ad2	1	1	1	4-Extrem	0
46d8dbee99790cd62792273413ec66d4	1	1	0	3-Stark	1
0e908bf523e749cdb916cd989c8b5ede	0	0	0	0-Kein	0
7e39e29eb6973de33014ae7114f0b61d	0	0	0	0-Kein	0
3ec82447b2ae2e63e3c6659b9057e8f6	0	0	0	0-Kein	0
1ecdb8af3ae53da987a203578cbadd93	0	0	0	0-Kein	0
b4fc935f6f7cd86a827d1dc2e7e59894	1	1	1	4-Extrem	0
0bfc25a8cbaecc323ecf0ac37131b3e7	0	0	0	0-Kein	0
dac062c82e253e85d009eedfa863fe2e	0	0	0	0-Kein	0
3f8b60cf96d56dba5157d84ea9add6d7	1	1	1	3-Stark	0
3132af5cf89b7a76a43be911132aaeea	1	1	1	4-Extrem	0
3c202f870bfd901f81a61da24a8fea6f	0	0	0	0-Kein	0
66787d3403b6eb696197534df4f6ab29	0	0	0	0-Kein	0
6510377d761bd725ec1fb84ddf0cd6c2	0	0	0	0-Kein	0
dda4b97fd27f1a6659ee52e61c3e06ae	0	0	0	0-Kein	0
19730d28e410fb90b99788710c87f5fa	0	0	0	0-Kein	0
07885e9044cc0aa3c735213cb13ac77e	1	1	1	4-Extrem	0
101b76b2a0867b90961377fbaa72eed0	0	0	0	0-Kein	0
d28cd99f9d6f1bc55b60d1817301b15b	0	0	0	0-Kein	0
b8806edd596610a40f78cdd2dd5dbcba	1	1	1	4-Extrem	0
27c40eb8fe5a5c523a66bc955b218f03	1	1	1	3-Stark	0
9c25d36ec65a5480fd735ae7288bab0d	1	1	1	4-Extrem	0
621b3d94a0727871877681b24a36cead	1	1	1	4-Extrem	0
a6611f2ef2a73d7b838b71b9f60d46e3	1	1	1	2-Vorhanden	0
f529d6bfba63815a5299c6dff6a56c92	0	0	0	0-Kein	0
a81047a75b699b517974179c483cba29	0	0	0	0-Kein	0
384276f3c80defb90ec7bcd2258cdee3	0	1	0	0-Kein	1
e97c1095c931e09b42475f81352d02bd	1	1	1	4-Extrem	0
68f0b0e3d9b453fe22d1e78fe7453463	0	1	0	0-Kein	1
5bd5c170f0079aeb06deac30f9500c7d	0	0	0	0-Kein	0
d0eb915da704014f9103b06b4c2bbb90	0	0	0	0-Kein	0
001beda148f3c3cad99fa4db7cc06ff0	1	1	1	4-Extrem	0
17ba76b29cbaa6838f2edd5f83bb4208	0	0	0	0-Kein	0
cd4b76842c2d76af82920bf16b903a75	0	0	0	0-Kein	0
6227228620eda6cb43a8d72274a8652d	1	1	1	1-Gering	0
eecec3cd42dbb157ee57024da11a53f5	0	0	0	0-Kein	0
3c92802fdeb4b13cdcd8cc2f27730446	1	1	1	4-Extrem	0
a5a821c1efa60f94ae9968f8d2ae54ca	1	1	1	4-Extrem	0
b5206f233c82bce21dffb91ea0bb241e	1	1	1	3-Stark	0
bf72c74ca5caa9829f026e35d66fd21a	0	0	0	0-Kein	0
bf4e82dc04f0c674755923cc495ed511	1	1	1	1-Gering	0
24273545ac29f62dff4f29dff183f0df	1	1	1	4-Extrem	0
77b7dcb77b3888be35f9387a6a170687	1	1	1	4-Extrem	0
e3585687efb50404612f429190a76886	0	0	0	0-Kein	0
01be5819221229f47916f43b71262db9	0	0	0	0-Kein	0
87df1fa1aa1729ffb943342d37874048	0	0	0	0-Kein	0
2d645ecaa96efa3914d67671c5191c09	1	1	1	4-Extrem	0
13f6451116f8cee56c078346e7e9fb45	1	1	1	4-Extrem	0
c4aaf0bd4c23ef435ecbcfe76bdb37c8	0	0	0	0-Kein	0
0af2c133dc696c370327ee02f2c12657	1	1	1	4-Extrem	0
c508a290be71cff358118be4e56c56c3	1	1	0	4-Extrem	1
6d1607afaadc48b1e9dba3afa3f2054c	0	0	0	0-Kein	0
52d1466057e3826a391933857a21d50b	0	0	0	0-Kein	0
f274d86558fa21af24b9ca8d33e3c7ab	1	1	1	4-Extrem	0
0ecb9c26b1e252ab35d1ab6e523876c8	0	1	0	0-Kein	1
52d3e4dad1ad3f93abc6122f3d060fe9	0	1	0	0-Kein	1
7f0fb95631efc6ba22b3a86dafd21299	1	1	1	4-Extrem	0
1a9cab82c1cf921c6c76d7513057d1c7	1	1	1	4-Extrem	0
5cbf5701ba5e6cbc41c8e6d430fe7428	0	0	0	0-Kein	0
683ee7e9f652d68106e2e38a2dede151	1	1	1	4-Extrem	0
9b7c47885deb7e9d8eb1aefc0108a1ae	0	1	0	0-Kein	1
6a7532766d32150031d46aa191b247ae	1	1	1	4-Extrem	0
7b663108e008efdc4eaa7b081233d21e	0	0	0	0-Kein	0
75c76732f20d3ac363fa28374b53bb12	0	0	0	0-Kein	0
5a71fb3641b8565ef9c2ccee2a1d11f3	1	1	0	2-Vorhanden	1
cd1a9ebe83eaad2b1642b2711b013754	1	1	1	1-Gering	0
029e7c45f0a89a1dcf58b3107308b579	1	1	1	4-Extrem	0
8a80f3f20adcb282bb3d3b5a96909e4b	0	0	0	0-Kein	0
011471f799e69e1a5a62c0a9ea6a7903	0	0	0	0-Kein	0
7b754901a366b938050441e31d8ab269	1	1	0	4-Extrem	1
30f9b3e01223d2458489bf6558eb2a05	0	0	0	0-Kein	0
2d214a60261a4d82f91ba3a5df51a344	0	1	0	0-Kein	1
1bda47e35e80be73a2ab228441322f76	1	1	1	4-Extrem	0
6c6bfe3338757ceb3c745f0b4b360bcc	1	1	1	4-Extrem	0
497ad4f9c513e6ad2285d7b2145a7aeb	1	1	1	1-Gering	0
269ca469730530e5e31c10309ad61e95	1	1	1	4-Extrem	0
ae8efb3c15a8161606b3ea9049d914e9	1	1	0	4-Extrem	1
cf6480e2daac463ecfe856be1dc77d32	1	1	1	4-Extrem	0
64d1a47e2f07d6db5231986c1b58a90d	1	1	1	4-Extrem	0
f486a2b96efff09a463574afb270af20	0	0	0	0-Kein	0
bd36e142aeb6031ce985647c232fd3af	0	0	0	0-Kein	0
6f2d14dbf18cb53eaafce9d5c0a0e78e	1	1	1	2-Vorhanden	0
efc214447abc3c05df0a46c4e5785500	0	1	0	0-Kein	1
67cb65177f6dbd8d2066bd57b3d17e88	1	1	0	3-Stark	1
eb969ca11ec74e1efbc827f910a9400b	0	1	0	0-Kein	1
100495966b5cd3452b50afca222b61c9	0	0	0	0-Kein	0
671ab77d32dda1ae5648a123161d151d	0	0	0	0-Kein	0
932658915f5fd0d842a44a4efbebcbc8	0	0	0	0-Kein	0
319d1d833ec42fe6677bec56cc9df334	0	0	0	0-Kein	0
42fdbbe8926bed10956bfcdb53531e90	0	1	0	0-Kein	1
6ab5202b5cf1160bcf0ec7873cc18fbc	0	0	0	0-Kein	0
1c0cd05a7fba1ee0523f55c6187aa875	0	0	0	0-Kein	0
4f35bc5f4ec67a4b9aa440e6e292a63f	1	1	1	4-Extrem	0
ef220b32a7bdd018aa97dc7e41ae63fe	1	1	1	4-Extrem	0
789089c2882ad248400d42c8f2e2ae22	0	0	0	0-Kein	0
32ad208b835292c3dbff5e343429c172	1	1	0	4-Extrem	1
5f9983f0acf1e274479ad833bd3ddd0b	0	0	0	0-Kein	0
dafd96842e4b06944ad89c1da617f806	0	1	0	0-Kein	1
db89d434ec2f32ff6cc02c54b0d77608	1	1	1	1-Gering	0
279854f925169ffd030ff23214ad0773	0	0	0	0-Kein	0
a049b17b97a1fcf1f5b5fd00d7fbadc8	1	1	1	4-Extrem	0
0ddb53e1cecd7bce2842f7ba8c78752b	0	1	0	0-Kein	1
97367fd1d38dcf7816007f1d3b810a0c	1	1	0	4-Extrem	1
17cd293f7b5643c22a0cbac628a1a6f1	0	0	0	0-Kein	0
0f8d063d9ae3fbefea519c322036adc7	0	0	0	0-Kein	0
7fead9becba6e9e84c85d14e1285a3a2	1	1	1	4-Extrem	0
0f9bcd517881bb935f81e7d0014f92b2	1	1	1	1-Gering	0
1c5f07562fecf36fe35e1d5cfb15c096	0	1	0	0-Kein	1
d032e0d4253972b1abccbbb7fa468a1d	0	1	0	0-Kein	1
7346e66f825ff80f4e141a2bc6634b69	0	0	0	0-Kein	0
3765ad23c313c7bba4e4dd6f6d4df3e4	1	1	1	4-Extrem	0
a0d71b6cca3c143eaf996f9cd7f23ebb	0	0	0	0-Kein	0
464afd99453e433aac556d8f62499723	1	1	1	3-Stark	0
70baa9fb9cd3d0d44cd4c47e708dc4f8	0	1	0	0-Kein	1
1e56bb0d578f09501026faa6f4800517	1	1	1	1-Gering	0
1c5b057d53524908ebf01bad4563ddaa	0	0	0	0-Kein	0
53c59d20670d457f49c12170eccd01de	0	0	0	0-Kein	0
e095ea2673b34a8a62357029181fd2b7	0	0	0	0-Kein	0
07d2cc960d1b9cfd7bc290b018a1d19b	0	0	0	0-Kein	0
eebeb775e371305da7c53232106a26da	1	1	0	1-Gering	1
72ce89bcc3f08befd44b07826a8eb36a	1	1	1	4-Extrem	0
04866d377d5ffb3c9745bd8778b68789	1	1	1	2-Vorhanden	0
ab4c8ac3082a15b8480ef3f466e302b9	1	1	1	4-Extrem	0
05058e3fe3dfa1888948ff09cdbfccca	0	0	0	0-Kein	0
05b02e9268e6f521f2a55f1c1a1bee58	0	1	0	0-Kein	1
fbb96b43784746bae17ffa869a182cf4	0	0	0	0-Kein	0
011133c8ffb6393ae05ac58bd5444c06	0	0	0	0-Kein	0
3d0e22da543cae35caecfbccce21c3fb	0	0	0	0-Kein	0
a93bec46afd1d8ab217d6cd625c7be24	1	1	1	4-Extrem	0
c514ce0aaf6aa4e6b8312dbb6f04f0fa	0	0	0	0-Kein	0
f7f9a6f9fdbb54a9d85e7fb202da7a28	0	0	0	0-Kein	0
d2760a4e3f03ca5b22f43504401513e3	1	1	0	4-Extrem	1
d668fe407d70040c81f06ad70229106d	1	1	0	1-Gering	1
ae79835e6aaa93621ea2d33a7d432533	0	0	0	0-Kein	0
186a281fb1b3e06ca63d23faa6b2d8a5	0	0	0	0-Kein	0
56862f845067e1764640650e7af7ae8b	0	1	0	0-Kein	1
ed15cec89b28cc9da2fc1673ee548fa6	0	0	0	0-Kein	0
a63d79a729da307248f2db5720d8f2fd	0	0	0	0-Kein	0
dc7344c45553964d83feb2dd45c7723f	0	1	0	0-Kein	1
01d72d548096a19496af1980c44a0aaf	1	1	0	4-Extrem	1
5fb2f87f55e702066d8374b154321367	0	1	0	0-Kein	1
7294d7287e915e19c3750e5979b6feea	0	0	0	0-Kein	0
1ffbe71f1cf5945304645ebae207db1e	0	0	0	0-Kein	0
9778347012a577b07cf2af53d7775a26	0	0	0	0-Kein	0
c2930ab28010bf111d19691639fbb37f	0	0	0	0-Kein	0
18b1706cee4be51c80dfc6e6176123f9	1	1	1	4-Extrem	0
71646fa3c7d13b559fdce4e97917016e	0	1	0	0-Kein	1
50a684275c276ce5bda6964a9d64921c	1	1	1	4-Extrem	0
e6906e88a3b92162b2fa3762665e6eb6	0	0	0	0-Kein	0
fa6d661a932d07cd7d4e0909d621f227	1	1	1	4-Extrem	0
65db8296a294c63117b2419cfdc7da50	0	0	0	0-Kein	0
85c9d498bf8999367506c4594458d5d7	1	1	0	4-Extrem	1
a403ac2e1d4d4688ce2fc346f6498b0e	1	1	1	4-Extrem	0
a6ffa93181f7126249fc5bafbb0f09c5	1	1	1	4-Extrem	0
15489a770e1f05e5fa536c2624dba59c	1	1	1	1-Gering	0
9e3a7450fb3336b3b13b0466ae330450	0	0	0	0-Kein	0
01bd036cc534a9be37601995fe068cdd	1	1	0	1-Gering	1
e617ff47cb6f6c9bd24fd8df10216262	0	0	0	0-Kein	0
5e20a6453d80fff0b5fad81d2aa43d5a	1	1	0	1-Gering	1
b4a625c5b4e4a7b2903f6ee0a76ebb5a	0	0	0	0-Kein	0
a4821e47c4cd6fa0c3a0c950a556bf13	1	1	1	1-Gering	0
6571e692e228bcbe7afa28f8e180a9cc	1	1	1	1-Gering	0
842263b072a8f5499adc1cf4a5f0956a	0	0	0	0-Kein	0
51cd831c94113b334cba6781fcc67c4f	0	0	0	0-Kein	0
a52b1865e2dd8103185167113d7d871f	0	0	0	0-Kein	0
9023489ad2abf8f7c1684e9e81b85651	1	1	1	4-Extrem	0
3071c2b1ad984cc7e73066290055a89d	1	1	1	4-Extrem	0
c6f2635785c650db177581de33d67406	1	1	1	4-Extrem	0
34091b8a2ba3b6727c9f009d6b24316d	1	1	1	4-Extrem	0
e13885fedbed01873baa83835b7aca3b	1	1	0	3-Stark	1
1796df3a18c3c129f383e757babcc7a1	0	0	0	0-Kein	0
1d05852e581e10880b566fe34af7c765	0	0	0	0-Kein	0
a7df62a6567980c3d681ed59191e1680	0	0	0	0-Kein	0
1b35365326a879714601818b00ae9c7d	0	0	0	0-Kein	0
7db7e99e3cff6faaa250dc96a60dc5f2	0	0	0	0-Kein	0
2fbaa1cc7c98aa7746173620add11a83	0	0	0	0-Kein	0
56519585ad6ea36b091f8f981b50a827	1	1	1	1-Gering	0
536f626a70e77178376de88a711ab73f	0	1	0	0-Kein	1
397519f6d6f63353398be460e77b8862	1	1	1	4-Extrem	0
1409ec18ffa52194d75a4f8b17084594	0	0	0	0-Kein	0
39df72492d19a41953e01b502ac829d8	0	0	0	0-Kein	0
c3ef47cb9010fbea3948b40dc173de87	1	1	0	4-Extrem	1
659de4a97e45aee174a4e49aa72f15b8	1	1	0	4-Extrem	1
0ed0821269a75e588efd1a1ffc1f3c8f	0	1	0	0-Kein	1
83628722f264aeb9caad356019de04d6	1	1	1	3-Stark	0
a91b2b56136c644a023ae6d2fd9a4060	0	0	0	0-Kein	0
d6e9a0b131b0c059f31426111b316bad	1	1	1	4-Extrem	0
6b34c3325dfb446d22c8799943b513b2	0	1	0	0-Kein	1
33172af89ec3097736814657dc197cec	1	1	1	4-Extrem	0
291785fb6f16408e8f69cd8055630dbb	1	1	0	4-Extrem	1
4baf8fd1b128f18a365274489f1778a0	0	0	0	0-Kein	0
701e11771fa9e64986dffddfded4ea3f	0	0	0	0-Kein	0
80432276cbed164a809013609de1906a	0	1	0	0-Kein	1
b031ac1a03c95c9dae7dcbe0b70893ee	0	1	0	0-Kein	1
2d42b45a5ffbb9e630aaea214d16b766	0	0	0	0-Kein	0
b6dc5b193dddc94a5bd9714c14206fc9	1	1	1	4-Extrem	0
2ba1e714c93c5ce07146932933c71c43	0	0	0	0-Kein	0
dc2b06413963c67b2ae2adf895a63452	1	1	1	1-Gering	0
42777d6d4b1312425ca9b6da3e944199	0	0	0	0-Kein	0
600c09a216b550c15cbe3a590e64789e	1	1	0	4-Extrem	1
7e97961e284316577dd091bbd9587fa3	1	1	1	4-Extrem	0
2deedef1a3b440be33f87d90cd085c3b	0	0	0	0-Kein	0
c05131e11d3a73cb1b012dc45f71909c	0	1	0	0-Kein	1
5041cee86769dba65701437b20cda321	0	0	0	0-Kein	0
334447f04ce778efd258963bf162d772	1	1	1	1-Gering	0
67b122787d9fcdb0c457e282a6ffd6da	0	1	0	0-Kein	1
1836b2c836f70d6c1e60ecae302c469a	0	0	0	0-Kein	0
320e317e3b6be1f1ca5e69ef911c5d73	0	0	0	0-Kein	0
6cfa62a68d73b06c3131fefe8af53c8b	0	1	0	0-Kein	1
493466fb7ee94cff1ee81b8b49616b6a	0	0	0	0-Kein	0
cadc467708f38d2493fe9f14e1a65d3c	0	0	0	0-Kein	0
bb51627c07ff6591eb3230ad5f8b4c21	0	0	0	0-Kein	0
45e4f1deda40c53b2c999d4871c97c45	0	1	0	0-Kein	1
6b0014e264c0f9ad33d12dce2169d669	0	0	0	0-Kein	0
2bcd4c083b84216d02bcb371bce0d1e1	1	1	0	4-Extrem	1
37ca54016e574557067e69d8bdfdc02b	0	1	0	0-Kein	1
ef208571eb8cd55dcb166da4da97453b	0	0	0	0-Kein	0
e0f430b0eca45d048ade9362a62670b0	1	1	1	4-Extrem	0
f9bf26957a5171fbb9334978dcdd39a9	0	0	0	0-Kein	0
c0039373674dd4d073e2cde58b1512f7	0	1	0	0-Kein	1
7a175fc3848264eef7e45f9b0bbe206d	1	1	0	2-Vorhanden	1
0c411d51ff37d7f2afe11d37bc042cd1	0	0	0	0-Kein	0
e23dbe1e3ab0e504a7c809b3440c1fd3	1	1	1	4-Extrem	0
1cc636e1c1138ce077686338e7e8655f	0	0	0	0-Kein	0
ac5add82aae0786e3e1ebbd5331563bb	1	1	1	4-Extrem	0
7c738fd2e5c7e20ca3eef6f4cf864c27	0	0	0	0-Kein	0
854df864323a64055981199588acd881	1	1	1	4-Extrem	0
07dae2c7aab8f4cdb1c3beb61b51dac9	0	0	0	0-Kein	0
4623078707766ae0a984e899e0fb2a8b	1	1	1	4-Extrem	0
687e44e59d32ba17ace9e2c461154d5c	0	1	0	0-Kein	1
e938d92795147d49f783409c01b8edef	0	0	0	0-Kein	0
143079762511154685697f83e62094fa	0	0	0	0-Kein	0
2e198767acc4f10b08d665a59fcfcdbd	1	1	1	1-Gering	0
38180f23e20841e1b4d97584463be6d8	0	1	0	0-Kein	1
3ef1681af3acbf1f2117913512d85fb0	1	1	1	4-Extrem	0
fb3be9f1ad54960cd11b5f733500dd09	1	1	1	4-Extrem	0
d27ae55fa990aec7c465df015e1d738e	0	1	0	0-Kein	1
29739638c8c3bd098a2cc638b728ad71	0	0	0	0-Kein	0
6dc02dd4890acf54f70ffd7a74a74c4a	0	0	0	0-Kein	0
e55ad1c0f73ca1db19bfb5146a9f35f8	0	0	0	0-Kein	0
6b4edcc3a1f095990c01a80b94412b18	0	0	0	0-Kein	0
d0003b08a7cfd48abae54cc06aa4dae8	0	0	0	0-Kein	0
e282fd39270a1dc97003948b396d74a2	0	0	0	0-Kein	0
bbc12ff556ac93c46a5a315fd4fc16ef	0	0	0	0-Kein	0
0b75710e7e9cefa7d8b20a35ceff60f4	0	0	0	0-Kein	0
4ab807bf67247831e5bcda49833058ab	1	1	0	4-Extrem	1
0ff1256b6ba28b2d3e2c527aaf0d5ed0	1	1	0	4-Extrem	1
6f8605eaaea162ee6da0e57514e611d8	1	1	0	2-Vorhanden	1
301e6ba111736faa53fc8fea9b49b7d1	1	1	1	4-Extrem	0
280237f944d0efb0138a3f92675aa850	0	0	0	0-Kein	0
ffea7ff1d0f404cc7d9f84c32a8bcc13	0	0	0	0-Kein	0
a34fc574244d417329deeffbf2e8b605	0	1	0	0-Kein	1
3d55f162e20187200a70051712d4a64a	0	0	0	0-Kein	0
cf4083cb5e0f2de2fcfb2ae8f5b22e5e	0	0	0	0-Kein	0
c88b0fd4763ba603dcc19ead76a38f4b	0	0	0	0-Kein	0
7821b6f4e0e898f3be1f7dba60eda2ec	1	1	1	1-Gering	0
6d53b99de3c708206abc596eaa70750f	0	0	0	0-Kein	0
4ecfc8adf64f4c08ce0704923dbd71e2	0	0	0	0-Kein	0
b7972c877e9a3804785c3edb1f92c024	0	0	0	0-Kein	0
58cca5d600f6b7e75c11fe1221dc86da	1	1	1	4-Extrem	0
0390a0bdb13b2953e3aee4adc6b2cf64	0	0	0	0-Kein	0
a58f44ecef0bd896ac222bd525f7dc93	0	0	0	0-Kein	0
17878e17c35abc5d31f065f9c57378d5	0	0	0	0-Kein	0
9ed7e4881197e7b9f3fcc3d2af35946b	1	1	1	4-Extrem	0
f76f01e08fd678f838a01722e376084e	0	0	0	0-Kein	0
6c396faf6e65ac642b333cdfcc314092	0	0	0	0-Kein	0
043183834c66f46b6f5c3b5a153ef186	0	0	0	0-Kein	0
09d005df46897f96308d311b172302e3	0	0	0	0-Kein	0
50117020290fdf54f211b463ab868b80	0	0	0	0-Kein	0
75954a2f3c5635a277cacc79c94caa30	0	1	0	0-Kein	1
22380381148836d3504cfa7d1ab1fb5d	0	0	0	0-Kein	0
dd626c7564bc5fc732e811a674bd53c0	1	1	1	4-Extrem	0
3ea195626b8cd3ca568a6017d987ae4a	0	0	0	0-Kein	0
d43b5c16a775221a3e7600068339637b	0	0	0	0-Kein	0
8a50b4e3720101e4d3b4df2582b1e63c	1	1	1	4-Extrem	0
495b08e751993977042e9fec25fbfd14	0	1	0	0-Kein	1
c340a0766452a9d53396da814d050127	0	0	0	0-Kein	0
9dcaade3b645adfd0ae3b3a5c7b41d6a	0	0	0	0-Kein	0
020d74ee5e63a4c94571c7995f3d70f3	0	0	0	0-Kein	0
d27e6c11458c71b301dfcfaf32f59bc8	0	0	0	0-Kein	0
6adb4194c3d50b09a2020842c8605910	0	0	0	0-Kein	0
aa119296b9ab66798529876f3cbac695	0	0	0	0-Kein	0
17bc282fc6eb3f9232ab06a03a456918	1	1	1	4-Extrem	0
071f0988b8f9467c75dce2381b3e90d3	1	1	1	4-Extrem	0
5f9135380c4c49f1686a5605085d9527	0	0	0	0-Kein	0
8e30bb6d9b436e2543e5c2c34e8e6447	0	0	0	0-Kein	0
7fbed5cb8e9e27f673442f61acbab48e	0	0	0	0-Kein	0
6fd4d911f2b588d7836f7ee1bde8cb43	0	0	0	0-Kein	0
dad56f7d868b132b7a19807713bfba6a	0	0	0	0-Kein	0
1f7f4e870cf0935e0484e4468a595080	1	1	1	4-Extrem	0
a817b49771abef88bc2c7a7d62a00313	0	1	0	0-Kein	1
3d7bfa73c1a51e9b8cbb327d1b4d0c25	1	1	1	4-Extrem	0
dd0cc07ab2ce90cab1e86b5eff5e35bb	1	1	1	2-Vorhanden	0
13aa9429dbebe9b1661e57c49550accb	0	0	0	0-Kein	0
f39c57708f5ea6bdeca0aa812911d143	0	1	0	0-Kein	1
966692b92104f3e168dc72f245002c3e	1	1	0	4-Extrem	1
73e0d5c7f5a55aea07d0f11eee756e26	0	0	0	0-Kein	0
93ae3645ab73ca11ca8dc86429553d0c	1	1	1	1-Gering	0
697888ef702d114ae218712ab27283d3	1	1	0	4-Extrem	1
703dafad7ab947e751ceb8bea6cb252e	1	1	1	4-Extrem	0
031fa56429786a3a9f3dbeb5f988e052	0	1	0	0-Kein	1
d6c926d4783ebd917ab3ec7d0ab435c8	1	1	1	2-Vorhanden	0
4e2c708fffb9b6ca3dd35d2293d1840e	0	0	0	0-Kein	0
7cce6b623c43800cf8f036ae88c8f76c	1	1	1	4-Extrem	0
b2ec41c73254198099110ca27134f7e7	1	1	1	4-Extrem	0
de47a55a489b3870a7242a09e2590578	1	1	1	4-Extrem	0
efb3dec26320f5b4c9a20c0d2670d774	1	1	1	4-Extrem	0
8d380a86fa0a3f833c361fa5521eff16	1	1	1	1-Gering	0
ddc0833f755fae53fa60aa9f75eeea3b	0	1	0	0-Kein	1
25bb6f5129866f356449e7ccd094a879	1	1	1	4-Extrem	0
6cc25df8a6f88f0b85f845c3caeb879a	1	1	1	2-Vorhanden	0
00d0f6fb78f1b8f73d0dc906bc67365f	1	1	1	4-Extrem	0
29b48ca2f8a32628e371828ffbe0fddf	0	0	0	0-Kein	0
b658e3a3d073c9145c73c4f4c7338c97	0	1	0	0-Kein	1
a1995293c605a593936b3b71d20155ac	1	1	0	4-Extrem	1
64306c23dadff1f270080e0afd3cf25d	0	0	0	0-Kein	0
60c0ad9a59cbeb8b10ba63eeae2a966d	1	1	1	4-Extrem	0
93b140f5c484f193f56a01975e274693	0	0	0	0-Kein	0
cdedd12eae43db644feee831e3fa9d7d	1	1	0	4-Extrem	1
3cc1155d9fcfcc808f330fb5cdd4d7ad	1	1	1	4-Extrem	0
270c4b307b4ccf90c03c956b7dc3d214	1	1	1	4-Extrem	0
c7d57a71838eda7b0b83ef2d0576b70b	0	0	0	0-Kein	0
481931316578e6207ce214f1254ebb5b	0	1	0	0-Kein	1
c631d33e435f76e65006cbde751ffc3f	1	1	1	4-Extrem	0
47c5984dc93322499c462cd2b8e9717b	0	1	0	0-Kein	1
653d6e8d2252a9f67d7c902091cd6756	1	1	1	4-Extrem	0
2973d94742e11ae3098d66d6cd003226	1	1	1	4-Extrem	0
8fd44c8d6f0df163cc7c149677d20bff	0	1	0	0-Kein	1
5a77bba0eb49dd14174700d3263258b5	0	0	0	0-Kein	0
6e60b2ad0cd600a3b41cc22da1f084ab	0	0	0	0-Kein	0
99b9c053d5926a247641a53282076ca9	1	1	1	1-Gering	0
9dde24cf93566468f65e955c4282e5b1	0	1	0	0-Kein	1
155c2ca08f19da2994c5b5c3e79e0a2f	1	1	0	2-Vorhanden	1
96084a4e427630e6f06d89821e198a20	1	1	1	1-Gering	0
fa00eaabffb364eecfd23dc2c2371e1a	1	1	1	4-Extrem	0
806f77457801b8fb836dfe921a3a100e	0	0	0	0-Kein	0
41bceb57a1b6612738b3a03c6333c474	1	1	0	1-Gering	1
bfe9e51e420f489a7684e328f45f8303	0	0	0	0-Kein	0
e1937832b78c08e7403972aa1684ac40	1	1	1	4-Extrem	0
19ab69ecad869cfb4cd2ad572fa3bf8f	0	0	0	0-Kein	0
ea4f8192c63dc65272cbf32ed90d7a90	0	1	0	0-Kein	1
d54bbd77b8bbd76a019ddaa9c73b2285	1	1	1	4-Extrem	0
6cb6a69a8e212307a112e6f3f4a115a3	0	1	0	0-Kein	1
1cc3ee21454ef818c2a02345ee67431b	0	0	0	0-Kein	0
64d7d4d22dd082b0c695e567a192dde0	1	1	0	4-Extrem	1
38f61c6c7feeed409ed3bae628669dca	1	1	0	2-Vorhanden	1
4a5790eedf89d7365e252cd710638b13	0	0	0	0-Kein	0
d3cbd08b84254537414298a11104aa94	1	1	1	4-Extrem	0
10eab840f6db40cab424e19a98028f34	0	1	0	0-Kein	1
3c607eb19ba46ce58db8e0b01c1baca1	0	0	0	0-Kein	0
ee9e5353d12bbc997a386ce7bad9d3dd	1	1	1	1-Gering	0
4eab9a3968cb74797fe5980084a0801a	1	1	1	4-Extrem	0
9c848b05ac594ff7e29f0752bc3547af	0	1	0	0-Kein	1
35b58baf85106574560616dba515d2a3	0	0	0	0-Kein	0
cde8690761dc09ab7cb89f56b611c744	0	0	0	0-Kein	0
c01f7fde1675645ca8ce330385d50900	0	1	0	0-Kein	1
f5ef24ab5d4f95590dc7068016907dea	0	1	0	0-Kein	1
34e286ae1c0356961db71db2e3f8f30d	1	1	1	4-Extrem	0
0378196bc59355c11dc1e80448edb2cd	0	0	0	0-Kein	0
b1711172f8178298a7d9b38af8e9ca13	1	1	0	1-Gering	1
6c1270d77d178d878f2306ec357f3691	0	0	0	0-Kein	0
1ff932753ca62fc93627f8f57a568b10	0	1	0	0-Kein	1
512ed9d528dfe8930a7c93c7ad789207	0	0	0	0-Kein	0
451d8b45a1084023804c8d61d51764b5	0	1	0	0-Kein	1
eb3e2da892f8950f90021894b69b22c8	0	0	0	0-Kein	0
a591021f975c62d208ce568129369a8a	0	1	0	0-Kein	1
24818ef9b5537f108e3bb76042b6527e	1	1	1	1-Gering	0
a2d8ac74ef0078ab7939bd21585720cb	1	1	1	1-Gering	0
6eeb5ba5fea189ab603b00a65fb0b0fb	1	1	1	4-Extrem	0
c7ea8046176d7c334da7860417e41a43	1	1	1	1-Gering	0
89a4a1d5081c975ee9f50467a7c0fea0	1	1	1	4-Extrem	0
6493ca3a6a113ca6da983c62283d3146	0	1	0	0-Kein	1
87f7fd06498b09f532a40f7a7387fd28	1	1	1	4-Extrem	0
0722e07e38da104beeaecf16fd6b69e0	1	1	1	4-Extrem	0
9ba131c523ecfbb558dce0f63290dbfb	1	1	1	4-Extrem	0
08c740babf7950efdb7f3c909a13be62	0	0	0	0-Kein	0
d7023ffc3e001e2cbed07eb9703d9eee	1	1	1	4-Extrem	0
667fb81f8b4f46326693022426fcef8c	1	1	1	4-Extrem	0
bb52184fa7f98e0def9dfee184365a23	0	0	0	0-Kein	0
1a246073bec3bce5dd2996a3aaa828d4	1	1	1	4-Extrem	0
ec45c2c8202f1288712c8a2fb5457f93	0	0	0	0-Kein	0
37cda92d826dd31122b2c450e24a85a0	1	1	1	4-Extrem	0
a3e0643d67a87d83110f7d1aaa96d189	1	1	1	4-Extrem	0
a3a0b944e05744d2751416246db1ba5e	1	1	1	2-Vorhanden	0
7d042cbbcd4e4e96db639066dbd532f3	1	1	0	3-Stark	1
40aed4208a3cbebf24c2d83de4a93ea6	0	1	0	0-Kein	1
4ebbb87e143af6b46fbd81682cf85d96	0	0	0	0-Kein	0
fdfa9e570b77bb40f3c0100f8f304ab4	0	0	0	0-Kein	0
4986a7f7d6defed4c942f69cc3a8ced5	0	0	0	0-Kein	0
8c79890fe22fbc0fe7cea369fc343bdc	1	1	1	4-Extrem	0
1e057a78c396a2cce367df65b7f63d15	1	1	1	4-Extrem	0
c64c3248bfbe66b285cda0d5bcc85ac1	1	1	1	4-Extrem	0
8c7f78377cf128ac8cf98675c27f3c2c	1	1	1	4-Extrem	0
9f5cc6350cc0df1d50699d0788e5ee50	1	1	1	1-Gering	0
59914688b8c6c5477be8c6a51266d28c	1	1	1	4-Extrem	0
a8cd78b72f814f4d2ac11cc60c9337db	0	0	0	0-Kein	0
814463777ca8b40b38ddd2ac85af62c0	1	1	0	4-Extrem	1
32aff9a6053812829fd9fd98089d3ae3	1	1	0	4-Extrem	1
2b8f1da9af08ba1bc09c925b18ffeba2	1	1	1	4-Extrem	0
2f52aa793f75a3cdd79bfa6d475f96c2	0	0	0	0-Kein	0
c7fc40f39f023bc26bd42e17d49ea80e	0	0	0	0-Kein	0
b3cd64855ed5c9760562c66001519230	1	1	1	4-Extrem	0
0a3a339c0081c489f7fb43fb5e9cf75f	0	0	0	0-Kein	0
f52db4b21e6d316aae099f57f6dc5a96	0	0	0	0-Kein	0
430564d5e18b9fffefbd32caa0990fcf	1	1	1	4-Extrem	0
6eec3094018dbad8d185e3ab8e8b1ee1	0	0	0	0-Kein	0
c376c4cc550daa1cdda3decbe4a3bd7d	0	0	0	0-Kein	0
5908c673f3b22d4d249c2964165c2b5c	1	1	1	4-Extrem	0
34bc1866b66f5e065e001b1da96f8b07	0	0	0	0-Kein	0
ecacf9cde1027cb3512e0edfcf3eea93	0	0	0	0-Kein	0
6ca7be0c76f6036d4ee7cfbd235aec02	1	1	1	4-Extrem	0
27ef6a3d89a7f44d48c6736290a6f9dd	0	0	0	0-Kein	0
c18ae288e08c0b4a4c2af0706cdce803	1	1	1	1-Gering	0
3668537fd784c503ffff55f5b047d467	1	1	0	1-Gering	1
227d53a9eda42b1aed11127bc97c6a0f	1	1	1	4-Extrem	0
c4d664f32ce0698fb66bf5787b214417	1	1	1	4-Extrem	0
0c80177c05781a5a9b13ffe1fa457345	0	0	0	0-Kein	0
be7a00c890659606046514ffb74c36b9	0	0	0	0-Kein	0
70c34ac395b149da8a8e65ea295ee111	0	0	0	0-Kein	0
e87a511cbb92134571bd7642c9f10b00	1	1	1	3-Stark	0
ee00b6dc529bd65185121f930fcfd5f7	0	0	0	0-Kein	0
a145aeffb6812d85a5891876136da1c2	1	1	1	4-Extrem	0
192a484b83d353c831942f9455830e3d	0	0	0	0-Kein	0
f262875182a96e14c537e3c66a2e2851	1	1	1	4-Extrem	0
508b31e3ac2c620434ca3320861182f7	1	1	1	4-Extrem	0
63e83d2927c3bf1e1d2057fca0ad5412	0	0	0	0-Kein	0
5ae63601a7aca01c00207734573c7260	1	1	1	3-Stark	0
553b57ddcb70532f6b03c91abba87f08	0	1	0	0-Kein	1
3acb538a685de6375ca330bb56d0e87e	0	1	0	0-Kein	1
c066308d37f1e725a8df62f412262d20	0	0	0	0-Kein	0
f0cb3fad543291dfe907e73e848c42a9	0	0	0	0-Kein	0
d9e6729cad162d1319a82b2d27c1c887	0	0	0	0-Kein	0
9ae087bf6db43440b639177344a93b5d	0	0	0	0-Kein	0
79b1d8c741beb75de963b174a6b62924	0	0	0	0-Kein	0
e09a5e0455776ee8794ca2af3f9e24d7	0	0	0	0-Kein	0
06727984128f23fda3062e8eabdc7be2	1	1	1	4-Extrem	0
98e448e4233992e0329dd5c6bd608e51	0	0	0	0-Kein	0
21718aa008ad4cc5db611a81f7bd2ccf	1	1	0	4-Extrem	1
b93a1088defcfcaf1bdbdf42f9ca02fb	0	1	0	0-Kein	1
fbeb6109047e7d1b1caebff5eb472fa5	0	0	0	0-Kein	0
8e943d2692ffc4f1243c03b95df0f92f	0	0	0	0-Kein	0
0a0f18dcfd31fd8f8f1ab2e2dd319ed2	0	0	0	0-Kein	0
042c83c148bbb753a50f7b27218413b3	0	0	0	0-Kein	0
eff013f3fbc00ce93501e159cebdb15b	1	1	1	2-Vorhanden	0
28fe5f5dbe29478fb4c0bae03315c339	0	1	0	0-Kein	1
c0417808187e322bf7c6b72f2537b906	1	1	1	4-Extrem	0
ed33d9fc80934f4b7ce355dcbf12169f	0	0	0	0-Kein	0
8e862589dccde4226eca46875d5f8c03	1	1	1	3-Stark	0
d832e893b3a3a45c751e1317d0156b8a	1	1	1	4-Extrem	0
15c0c9e0c61263e8b377beaa1c067997	0	0	0	0-Kein	0
dc5896723b90d1685082fb5553a67015	1	1	1	4-Extrem	0
e11a23e302d1af5293e2b23104b74bc4	0	0	0	0-Kein	0
e6bfe17885dbc30405dd14a2ea371fc4	0	0	0	0-Kein	0
b3b26c18856cbb38c931bbee17b3adc6	0	0	0	0-Kein	0
fc36b8457fd11b705fae662f62992b5f	0	0	0	0-Kein	0
d978d1b51682e27420a92d40b11363d0	0	0	0	0-Kein	0
cc3de6b8b04c81d6a52291dcbacd9de1	0	0	0	0-Kein	0
3414011a8a8647a477aaa973d5e6fa00	0	0	0	0-Kein	0
ca5feb11190e5f51746d9549c0e8b427	1	1	1	4-Extrem	0
d9dfad0f96854c8145d4a341ac2219dc	1	1	1	4-Extrem	0
cbbe81ccc0ad629ff5e8a1a12c244df5	0	0	0	0-Kein	0
fa705a6e521c45b214a039e503f748a6	0	0	0	0-Kein	0
64c89be4881f00211e0dd6e30ee4fbfd	1	1	1	4-Extrem	0
295e439901870c5f7ca49977cd674627	1	1	1	3-Stark	0
b1ef862cff1105fa5f3e87782d9b1f2b	0	0	0	0-Kein	0
dfd87390e82bc76594432c21c563610c	0	0	0	0-Kein	0
605eb5fe85ab21b91f5e2c26a73bdc5d	1	1	1	4-Extrem	0
c73fed938536230d7939c43e030a2b31	0	0	0	0-Kein	0
d106143baf523cc4d6ba29ad59460245	1	1	1	4-Extrem	0
bc6a077b84466a69165f2c58dda3ee0a	0	0	0	0-Kein	0
a6ab5594fe306d27489e5207de9dbda3	0	0	0	0-Kein	0
9bb4347558cb8acaf18534b514dde4fc	0	0	0	0-Kein	0
6096ca15adc44bc18110d64fb22b245e	0	0	0	0-Kein	0
4931a032af3e7232cd2b467ba225567b	0	0	0	0-Kein	0
0f5c3db96c15dae56ed275061e64731b	0	0	0	0-Kein	0
8b057bd4aaac7fece0bfabbe781e6c9b	0	0	0	0-Kein	0
8932714b7bf2185e494b165ec3abdb01	0	0	0	0-Kein	0
8f853ba424bd3e0946b1d26cb9a22298	0	0	0	0-Kein	0
7833a448b3727926870f7aa381d4b154	1	1	1	4-Extrem	0
024d3b0127b62f1bb001754948a1da8a	1	1	1	4-Extrem	0
917f8ea016a8324861e8ec0aff132353	1	1	0	4-Extrem	1
615b8922ef59685e678fcce0eb544627	0	0	0	0-Kein	0
fa481f63d02995a14e6594abacbe6a6e	1	1	1	4-Extrem	0
247a711100640cdca5371f348703d0b9	1	1	1	4-Extrem	0
2e296aa681adbb4bf3902dce00c02989	1	1	1	4-Extrem	0
21d83660e9a045e10837e3e158848646	1	1	1	4-Extrem	0
8728b227dcb5a51e51f5a539be501735	1	1	0	4-Extrem	1
cd06b317627b8bfe442bb09f9df31cf7	1	1	1	4-Extrem	0
d2c669fdb291d1fad6dd435c03c225fc	1	1	1	4-Extrem	0
19879e292a89a8408fe13e7fe8f7903d	1	1	1	4-Extrem	0
d13352ac8c70f34116a23c382cb1002f	0	1	0	0-Kein	1
96fd680bdad8d8bbb66a539119175d93	0	1	0	0-Kein	1
3d940e1b2652daa32632392933e8981e	1	1	1	4-Extrem	0
1eebd2f5b46a0b89126ff8f452616f82	1	1	1	4-Extrem	0
f5d8f6c4919f66a13ce742257c6cd489	1	1	1	4-Extrem	0
908da0c51b3afb403f0c1a38bf7b192c	0	1	0	0-Kein	1
40a7dcbc565b875383744f7380170f13	1	1	1	4-Extrem	0
4cdac8ce0e3762185e682cd9ae3e6829	0	0	0	0-Kein	0
d165cb5ebf0e22bd0e8000008d057162	1	1	0	4-Extrem	1
6cb3a9a91c40818114e49e65d7af1301	1	1	1	4-Extrem	0
3c4fb45c3892a101961689890d3dcc1b	1	1	1	4-Extrem	0
0ec6e7d38f7e83dc9d45a7ccdb79dee0	1	1	1	2-Vorhanden	0
8968c5dbee8d82a61655c45e95493412	0	0	0	0-Kein	0
957891325ab42990f47dfd1bb29b64af	1	1	1	1-Gering	0
38e3c6209a30659143602439fc7f6f4c	1	1	1	1-Gering	0
0eb54ff2f59f79068a9928cf1947daec	1	1	1	4-Extrem	0
e1c73993ac0eb194216d5f01d536caed	1	1	0	1-Gering	1
848d32c2a3fd347649ab7720016be913	0	0	0	0-Kein	0
5a0550851734e8f8602cb1e469cb8518	0	1	0	0-Kein	1
3fa21c0341f9279e60a2fb85d3dca027	0	0	0	0-Kein	0
6823f28e75215e90ef7a1f1525bfe848	0	0	0	0-Kein	0
36e356f76e77728db71a5ba0804a91a9	0	0	0	0-Kein	0
d3a951de20e1d021ab4249312f22960b	0	0	0	0-Kein	0
81b7a4a05d54defb94721627ef84d163	0	1	0	0-Kein	1
eca1e8d7cf6995afe4349893a72ad912	0	0	0	0-Kein	0
0b89cdaa4827fd9dffa9675016bd5f9a	1	1	0	1-Gering	1
363e274186ec32b70c19cefa5270ff8a	0	0	0	0-Kein	0
feda6bc2cbfbbaa68aacf5fb5e44cb50	0	0	0	0-Kein	0
c9f440c9a82fcc95bc91cd321b82f5e3	1	1	1	4-Extrem	0
2f64303c643bf66eff0da5dedc0a4e7b	0	0	0	0-Kein	0
9a8f3a56fa18a389e6326cc8004f04dd	1	1	1	4-Extrem	0
37b2dc5a7b231c4d879ac1a516179f22	0	0	0	0-Kein	0
3775b58bcb993c3135ef3f5377a814d6	0	0	0	0-Kein	0
52ed24f0ccdbbd32d2ba948047b5a34e	0	0	0	0-Kein	0
1fad27de8691b566942d276d96cfe448	0	1	0	0-Kein	1
7b64165b6c3ada55a106047ddaa987a7	0	0	0	0-Kein	0
f7a2ea8191bed1b0e5f59e1670922d77	0	0	0	0-Kein	0
ed1428e821996d409736fb694178e70c	0	0	0	0-Kein	0
4f767e6fd522a411f2ebe3d52474e7af	0	0	0	0-Kein	0
171700713bd927ef827f81b984b013c0	1	1	1	4-Extrem	0
c13fe05b700ff09346a2e27a029fe212	1	1	1	1-Gering	0
89395b23b9700b8256ad654929b6f515	0	0	0	0-Kein	0
afee73c7a09025ffef5d56e39f832000	1	1	0	4-Extrem	1
7b4b8d738f2d1bb42e7742c55856ce9a	0	0	0	0-Kein	0
de8bf356172798fa4609945776365bca	0	0	0	0-Kein	0
94f4c1d5a07ce93b024043d8dddff364	0	0	0	0-Kein	0
783053d50b65201e5d9a9345bd49e010	1	1	0	1-Gering	1
8a9239833e1989af18a5ca093d0fb516	0	0	0	0-Kein	0
97bf2ed1219e16588871a19fbab1df6f	1	1	1	2-Vorhanden	0
9e481659258e5984097e00d3c82fe3f5	0	1	0	0-Kein	1
94d8a3ef1004cd0fc257f4c27a6498db	0	0	0	0-Kein	0
2da62b5786f30238f3fdf095f2fbc728	0	0	0	0-Kein	0
44360a83ffcbba01448f9581f3381795	0	0	0	0-Kein	0
cf532cffacd8537ee55f8a9874b87b2d	0	1	0	0-Kein	1
fed79c45fe3379c4c8f341ed89e55794	0	1	0	0-Kein	1
928af20400288eab531ded6fcef93824	0	0	0	0-Kein	0
72be0efca24766c78db1de9b043adee8	0	0	0	0-Kein	0
cea4d4ab99c48ac04ce3c182667233b6	0	0	0	0-Kein	0
476d56c4f7722f5f544df51325a5c882	0	1	0	0-Kein	1
074108e230db97db3eecaf05a1d2252e	0	0	0	0-Kein	0
abe8f7af5861e9d13b06566b041e2234	0	0	0	0-Kein	0
aae82362ebb558f8ab06e5421219080a	0	0	0	0-Kein	0
d5978f829e3bcc127d74be2d278b9de0	0	0	0	0-Kein	0
8a05b2db8d831761cace13346f3f13b5	0	0	0	0-Kein	0
cf526e577209a59e904e699d5ee46c03	0	0	0	0-Kein	0
b9ad575c5c41c1558f47485c2a7ccea6	0	0	0	0-Kein	0
de838d87f6ff6936e6b94e139b1c5633	0	0	0	0-Kein	0
48a296f6cacc0b1f11f86be3c7209ff6	0	1	0	0-Kein	1
37a543277276bc8f39c3822682122cec	1	1	1	4-Extrem	0
840096cfa53c59289587139043038de2	0	0	0	0-Kein	0
09764d44bbf20e175eca7ecc0656be28	0	0	0	0-Kein	0
2d4c77975b26b9d278e63e4c04783531	0	0	0	0-Kein	0
4057e18493ad645693deaf807d152540	0	0	0	0-Kein	0
396e1ed74da8821d91b179b611a95924	0	0	0	0-Kein	0
32019ed168b4b11cd14711b84e5a7e51	0	0	0	0-Kein	0
6cf5bd2de6eae3ad1c543bd2a3dc6fc6	0	0	0	0-Kein	0
d57d04114d19688bca6f547942591755	0	0	0	0-Kein	0
f4d4970be62bda386dac543aa010f3d3	0	0	0	0-Kein	0
9e55bfc80972841a6353397f76a3c729	0	0	0	0-Kein	0
8470324e8afda82a0d0eab481d8d962a	0	1	0	0-Kein	1
e15525904537504449b3e2a53c4e4f19	0	1	0	0-Kein	1
25e6c3b35daf8b41b295689b3387c25d	0	0	0	0-Kein	0
786a6ef4fd12bcd48b15ba4f43267afa	0	1	0	0-Kein	1
99c45cdb30418175b4e96af8856fc5c4	0	0	0	0-Kein	0
c955817c78eec94db34c0ee34a837c13	0	0	0	0-Kein	0
9429fda1645c8fae98ea56baaeac0826	0	0	0	0-Kein	0
e3ae957f28c779efd8dd779feda69208	0	0	0	0-Kein	0
fc006c43d2d8336ed3cefb038f9bebc8	0	0	0	0-Kein	0
8d5b03310379bada59d2507dfbcfd006	0	0	0	0-Kein	0
1051edc176a63e7bab78208331be2da6	0	0	0	0-Kein	0
40d4f267f2081d1f2dfeb603ce44134b	0	0	0	0-Kein	0
6c8da4c86db30d3692ca06b096553180	1	1	1	4-Extrem	0
c46c2e0851d94c8c3fd477669d08c464	1	1	1	4-Extrem	0
afabc689775b04eac2bd4c61e8e8e4bc	1	1	0	4-Extrem	1
0f5f9eb8d78135e49947ea2e7795b92f	0	0	0	0-Kein	0
f58939ab5f92544a41f88db0f5482652	0	0	0	0-Kein	0
f220b8dc276e3d9f75151c0b03ea35b8	0	0	0	0-Kein	0
ffc6c988329aa9ac6450bb17bdfc1463	0	0	0	0-Kein	0
643842829a64d92b32d55788ee5dfcc5	0	1	0	0-Kein	1
c7a5d16edae95d5093b1b9f2461d1128	0	0	0	0-Kein	0
3ae9e70e4b417ebe21e6b49479d5c860	1	1	0	1-Gering	1
21b91e6be17a8b850644f4eacc6d0dcb	0	0	0	0-Kein	0
59ae83115bca1dea461892784df936f4	0	0	0	0-Kein	0
7f2109479f125d29886a25eded34d511	0	0	0	0-Kein	0
90d76c44360e26048b62bf9b9e7ac022	0	0	0	0-Kein	0
8cb47b679f6db933fe3b7ce47103de8a	0	0	0	0-Kein	0
73417e7aebc2dfdebe49a447ab2df745	0	0	0	0-Kein	0
851068ec7aeb7c44272e1c35646925b2	0	0	0	0-Kein	0
3e6da7b804715646565ef44bc32fbcf2	0	0	0	0-Kein	0
3195a16580d134595ed58c7012e418ba	0	0	0	0-Kein	0
a431181d53d624ae81ca364047ddb8b2	0	1	0	0-Kein	1
da61af6807076b17ea4997e49bb9aa33	0	0	0	0-Kein	0
d781ce711ebbe89ce22e2f81573952c2	0	0	0	0-Kein	0
50775d0c61b4834882996fef374fb111	0	0	0	0-Kein	0
a46bf0a3666378abd9d0e42a972b7b02	0	0	0	0-Kein	0
4412525d19f2824bc2ba4492b45b669f	0	0	0	0-Kein	0
4eaeb00d5f8f9476a2d21633eebdba40	0	0	0	0-Kein	0
926b671a8781c7fe218d6a966ad100d6	0	0	0	0-Kein	0
a30045979c5534349126f7f895ce8c95	0	0	0	0-Kein	0
a8f71571f1c7d11b219894c565577972	0	0	0	0-Kein	0
ade8a30fb68146b252ec9a4acd511598	0	0	0	0-Kein	0
c3e80c8b65aaf51c32840fad6e57aef1	0	1	0	0-Kein	1
07d17b0f6323effef2b67c513c5dde4a	0	1	0	0-Kein	1
58c0a38bc5aaaba6ab98981f6e4e5b8a	1	1	1	2-Vorhanden	0
bb8bed1902e6b152432aa1cfc8d8e2c1	1	1	1	4-Extrem	0
b1312e1206f544166fe105d712c4089d	0	0	0	0-Kein	0
a1e708a667ddc019130d19b0251e357a	0	0	0	0-Kein	0
4355f09352a8cd807a0af53b8686d632	0	1	0	0-Kein	1
a345d359e5f4b15cdf9d06e71ad3ea26	0	0	0	0-Kein	0
0a3d8f6f83efdc135addce1c47a49969	0	0	0	0-Kein	0
0a5272940bbe15687f50b646078b6bc2	0	0	0	0-Kein	0
a1b983781def1235635872c4da79629f	1	1	0	1-Gering	1
562ecbf32af0e9ea1988d56b5f4fae40	0	0	0	0-Kein	0
5dd80ac78c033cb99ac49076e2542054	0	0	0	0-Kein	0
373452e1f199d432ae6d4a9fa45da3da	0	0	0	0-Kein	0
532a6d6e8a6b0e6a630b2f5473c427e0	0	0	0	0-Kein	0
8cb36451e18f312b1c9fae14bc61290e	0	0	0	0-Kein	0
9de0ed2691c4ac4df098b8eb1da1c4f4	0	1	0	0-Kein	1
f03d43b311695f62ff5b1f37fcb638ff	1	1	0	4-Extrem	1
43b475061ef236f5513e5c40084cb029	0	0	0	0-Kein	0
344119e2f9d4687e72d6fcd1f9618961	0	0	0	0-Kein	0
e56168d85b0e16d49f986fe1c96daf6b	0	0	0	0-Kein	0
9422f434831db2244ff8531c8e6a1ece	0	0	0	0-Kein	0
025c06a23a902192e21a2803e9bed639	0	0	0	0-Kein	0
3930aff02d9616f5ca2dbe1ac7857e04	1	1	0	2-Vorhanden	1
053355e0ae201f926767bba9bfbe361a	0	0	0	0-Kein	0
1c4f9ff5e679205e46979472c913f029	0	0	0	0-Kein	0
9de1d241162695c12253bca539ca309b	0	0	0	0-Kein	0
84edf836409d2481c19cedaba57256bc	0	0	0	0-Kein	0
de4efb4281dcced48949da1d39b45876	0	0	0	0-Kein	0
b15d5b922b1da60861eb1519650ac0cc	0	0	0	0-Kein	0
1d335cfdea2feda42a0d1747d8e6d3d6	0	0	0	0-Kein	0
3da8be3160fc89f3dd1c432d5baafd89	0	1	0	0-Kein	1
95b321647c07b65e565b039a83a3a745	1	1	1	4-Extrem	0
df0b832abb2032f83af2e68957fff7bd	0	0	0	0-Kein	0
653c05486139e61c96d16c6bb265f664	0	0	0	0-Kein	0
8c054d3217a76c851d1bcfc6459f4a6e	0	0	0	0-Kein	0
73c4b23a64739a7d688ac07f9dfd6bce	0	0	0	0-Kein	0
5279600f02214fb44658fbe7cc557c2b	0	1	0	0-Kein	1
7b087d3cf79801d0bd364b97ec87b4b1	0	0	0	0-Kein	0
06d2f79840e23ac1b3cb18977759e92f	0	0	0	0-Kein	0
44d669700f0c67f75134c4cadfdb4964	0	0	0	0-Kein	0
bdba322f25f1c9483175bf1436625d8a	0	0	0	0-Kein	0
efa7b9772d784e1d77b88fbf98c253ab	0	0	0	0-Kein	0
d31486c8f36c13f497124b7351b3a6b9	0	0	0	0-Kein	0
324a7f970b05e4b2eb9bd2aa66584d3e	0	0	0	0-Kein	0
c80550339268622341f8d1cd1385c884	0	0	0	0-Kein	0
f830a966e9b7338a48b7ca6cc3f9471b	0	0	0	0-Kein	0
161ae5beee69cfb23329e71cd13a824e	0	0	0	0-Kein	0
276b7e4dcb12cf39e41ade90583585f6	0	0	0	0-Kein	0
1351a4b7e272ec1be9de743bf7ec1636	0	0	0	0-Kein	0
ffc52e0fcb780c85272ed3c42b3a796a	0	0	0	0-Kein	0
7c3819dcc0c2cf4c1a979afd66bd4f79	0	0	0	0-Kein	0
614fcef10d9de99216d7ffecc36a0354	1	1	0	4-Extrem	1
7a5360a99ebae1abe58c4566e2991410	0	0	0	0-Kein	0
2dd1c635975199be0d03ee37298a228d	1	1	1	4-Extrem	0
7c74a9bc88c6ea6d60f26507fa95a06d	0	0	0	0-Kein	0
bc7c482378186a9bb8dd7fedd73ecae7	0	1	0	0-Kein	1
1ba6a72844512ddd2867ac71a843677f	0	1	0	0-Kein	1
5ef8863fada5446408758f8594cf0777	0	0	0	0-Kein	0
81dcedc9c58cc8876350bd3530c3731d	0	0	0	0-Kein	0
1dda08f8a6ea06b4a8933ec813615afd	0	0	0	0-Kein	0
419eeabcc067a458d87e63a69b2bcf68	0	0	0	0-Kein	0
b415cb10bec48584ed21e1b823318053	0	1	0	0-Kein	1
d92c62c0b542597295550cef53c521cf	0	0	0	0-Kein	0
b034d499a5e551d21e616f3183dee8a1	0	0	0	0-Kein	0
fb0bdf808045917c0e60500c4c6800b6	0	0	0	0-Kein	0
0fe42ac724ce31ad9d237d4cef923d27	1	1	1	4-Extrem	0
720df66fe3fb52160808e92b52f34df0	0	0	0	0-Kein	0
267cdc3161cb29958d2bc750c62e8599	0	1	0	0-Kein	1
e8d5cf5c95d9de73d2909440f337f6d5	0	0	0	0-Kein	0
12f3389bb3ece2e65863cf4c4a5f9930	0	0	0	0-Kein	0
736bf976f28f17d345645276c90608fc	1	1	1	4-Extrem	0
b70b79f36fa452ee923f5a275d5dd0df	0	0	0	0-Kein	0
5b5c7acc8077504accdab47dceeb16e6	0	0	0	0-Kein	0
0640b58ecf193f5363c6807c1b7cf4e3	0	0	0	0-Kein	0
e3090360b96152e579f0ed57d2d1db10	0	0	0	0-Kein	0
34c80a58f70cef0b962be6daa8fb0543	0	0	0	0-Kein	0
191f73ad1976e244fce8dccfc2083482	0	0	0	0-Kein	0
01be1ff7f5932da219850aa90c4e87a8	0	0	0	0-Kein	0
66bcbf26d90cb488ff079f65e3752af3	0	0	0	0-Kein	0
a7ea1a4bad8eee38ab910ff922a2733d	0	1	0	0-Kein	1
feb5cb5288a8a6e9b2b67199f5a65247	0	0	0	0-Kein	0
feeeee4ee621c5ec8b8d6c421b80c226	0	0	0	0-Kein	0
fe296886e3423ebac83c25e68e79ab45	0	1	0	0-Kein	1
d89b9d09be9310921289e63734c4ad15	0	0	0	0-Kein	0
99f6c4191d4f511135149906f3d664ab	0	0	0	0-Kein	0
be9c5a93d781d464e918bfd031c4a23e	0	0	0	0-Kein	0
f2f6ac99bce308cacb4850fbdf8b8e5e	0	0	0	0-Kein	0
8bb9063f925e35ce1f62ad27673fc604	0	0	0	0-Kein	0
cdabc22d33c70159c32373a3efa4acc8	0	0	0	0-Kein	0
1e335b02489a1f9c25fae9d7496d806d	0	1	0	0-Kein	1
c9e4fb7d184788c2e5e59cfc6752470d	0	0	0	0-Kein	0
45e00a1d517a8b01004a28eee30ba9ba	0	0	0	0-Kein	0
3d699434af92d9798fa7a96e354f9486	0	0	0	0-Kein	0
b9289fe38367d3ea2a9b7954cf6223e6	0	0	0	0-Kein	0
ab852dadee1f8994679b4c2071ac7ad4	0	0	0	0-Kein	0
ff91acd9c59f0d0df4c1d884f882da8d	0	0	0	0-Kein	0
648375d1dfb6fe4617eae77b0e0ee777	0	0	0	0-Kein	0
9423d6372241d2500e141832578c6ff2	0	1	0	0-Kein	1
ecaa5a888f0aa4e4df28141f3e6a0317	0	0	0	0-Kein	0
30dae00f240001325028014d76f93218	0	0	0	0-Kein	0
3fa0f573e2dcca8affdbc53814c8c640	0	0	0	0-Kein	0
17e240b067488a8b954e1602df0c95c3	0	0	0	0-Kein	0
67e19d304ec6c3f564b33a9b673fbda0	0	0	0	0-Kein	0
dd13afe56d1622b674c1bbe955e62002	0	0	0	0-Kein	0
2e9733f5fdced019c4f4e2a65fce8055	0	0	0	0-Kein	0
76c00596fd86cded21550c11a266d092	0	0	0	0-Kein	0
760c901f833b6f5ea79933a671cd5f2b	0	0	0	0-Kein	0
d60eff7a9e4d63209d772a4d3a4b2b02	0	0	0	0-Kein	0
6773ad5a696b40f2c4d2bb44543b3a11	1	1	1	4-Extrem	0
7b4b7428466ba2c8a95f0a3af9784f29	0	0	0	0-Kein	0
7ef2d7024fa98d7faea229387d8f3a27	0	0	0	0-Kein	0
b64272e9e2a074ea283f5251f6e73041	0	0	0	0-Kein	0
84e7579fcd61bc5692d2421bf70ea7d8	0	1	0	0-Kein	1
435ebcae05280444b8ae694440b6244e	0	0	0	0-Kein	0
23264574dc8d73eaaf938d3ca3a93643	0	0	0	0-Kein	0
835e5f4fb6b5b00206e0cbcf915b34fb	0	0	0	0-Kein	0
f7028b1c601268525a576cf3d855105b	1	1	1	4-Extrem	0
af1d7de90acf2970bc4df8fd8fafde50	0	0	0	0-Kein	0
e0c1cf9c218f08735de78e0c0b91b5cd	0	0	0	0-Kein	0
82ab2a1d1660cd46b03a75c7f53df08b	0	1	0	0-Kein	1
02a04d8913a0d28d9e0dc128f1c3f2a8	0	0	0	0-Kein	0
e6d25eb728fb4ce295a9ee84a91b94d2	0	0	0	0-Kein	0
2120711a17d3006a7d6d54862a8a6c29	0	0	0	0-Kein	0
a2bfa26dd767f57a9bafb76dfaf01b89	0	0	0	0-Kein	0
1c632608cec3ae923c4b684114853496	0	0	0	0-Kein	0
0cef40e3e88ab5e91227a7a35c9a786b	0	0	0	0-Kein	0
c58198a1b15f1612612f7bda8154d12c	0	0	0	0-Kein	0
eb6b942abf71a3582ba10d77360b5c4f	0	0	0	0-Kein	0
7a30010a6e7767942ebfa7e1461ca366	0	0	0	0-Kein	0
4c8b3d4b155fd9ae9c24ecdbae6f322f	0	0	0	0-Kein	0
1c03514fbdff8d65e1a4dbe283d256dc	0	0	0	0-Kein	0
79bee4f151299ff4cbfa53825ff9a67a	0	0	0	0-Kein	0
882ad0dbafbead851d15e2a627744f4c	0	0	0	0-Kein	0
a2026230b135206038f89635bb45450f	0	0	0	0-Kein	0
38b747018c2c1a7318b07c4fd12efdff	0	1	0	0-Kein	1
c046843f3e4dc8c5872bdde8c39b43e5	0	0	0	0-Kein	0
d1c03c18dcba82d85a366374cb224fc3	0	0	0	0-Kein	0
eb8896f8d28dcbc34869d4cddb714e57	0	0	0	0-Kein	0
e8589d199de663a109f04a97fe49bd98	0	0	0	0-Kein	0
36d7c1ace2029e8833e7d09dfedc6d20	0	0	0	0-Kein	0
24e63c882534ef63a66e9f8434599b19	0	0	0	0-Kein	0
fc09e75e255462740b9436c472d3cbb6	0	0	0	0-Kein	0
fcca9edf50a7278e5dde95443153781b	0	0	0	0-Kein	0
905cfb7a4111a782ce1a741905a5d0cd	0	0	0	0-Kein	0
9057deb53eb4d725ca2b4544b40ffafb	0	0	0	0-Kein	0
609559793196d69d32eba386155230ce	0	0	0	0-Kein	0
7dd9e997cf8308bff0398ea56af4a1cc	1	1	0	4-Extrem	1
e0caf0a917a7758960de962125c58ae0	1	1	1	1-Gering	0
5c458c1b2e1165b92fa817d3fe6e2da2	0	0	0	0-Kein	0
79fe8efe25a8a152669e12dc03687bad	0	0	0	0-Kein	0
f3a9e4c6e05128d3065a33d373f427a1	0	0	0	0-Kein	0
376aed2d25f3cfbc9679d12baf697a03	0	0	0	0-Kein	0
c0dfc42d7284767a039ea2da389721ee	0	0	0	0-Kein	0
9ff826ef823deba151d555162f9f0b80	0	1	0	0-Kein	1
49b1c75f32e0c22dc753c0815d6cf941	0	1	0	0-Kein	1
3cf0da038c47761c0fa7316038c131a8	0	0	0	0-Kein	0
dad947ab5ff572b7931a0f2204b34b97	0	0	0	0-Kein	0
a884a62f5441b209f095d25724d28890	0	0	0	0-Kein	0
4960bbb9bf8f8dd9f3dd625b29ac03e2	0	0	0	0-Kein	0
e045d63db62a79d5057e72825442ee37	0	0	0	0-Kein	0
fa8374f8a3ae2d53efbc11dd062e6575	0	1	0	0-Kein	1
f329af729515c946e31863d21cf956af	0	0	0	0-Kein	0
506e8540228013f0d0e56497ff54b305	0	0	0	0-Kein	0
47874d31877b937f9cf690b2d9fe8f4c	0	0	0	0-Kein	0
9eceab9334dcc37d092be37686fd2570	0	0	0	0-Kein	0
b97084bd46b6354f17a48d7d5821cd43	0	0	0	0-Kein	0
0f3f68759317f5e544fe0715c4c2f90e	0	0	0	0-Kein	0
888cbb3f78b8dd38683bf382ec3f99ff	0	0	0	0-Kein	0
bcb520b05bd63103b500e739f9b2084b	0	0	0	0-Kein	0
f914e8219bcc2811093664ff336825b5	0	0	0	0-Kein	0
e69acf0aad3c7572d0d107e943d81108	0	0	0	0-Kein	0
02e4a63666cb8ecd9727042ab11d0c9e	0	0	0	0-Kein	0
f49ffba15d37ab0ac09e2237d173e74d	0	0	0	0-Kein	0
a653ff5854681baa83afac355351eb72	0	1	0	0-Kein	1
c930a86c64aaeeb00274a11981c8fb44	0	0	0	0-Kein	0
c3d97863fa2a812de0056d4d53ba1ec7	0	0	0	0-Kein	0
537618ed7e74f8d34b1e7a6a6dab7072	0	0	0	0-Kein	0
5f1db5ccf96615fa6c87d1ef9616bcfb	0	0	0	0-Kein	0
23fcd16b33cbf84ff9d6b4e693ff0396	0	0	0	0-Kein	0
670283d0e40360a1d11d7d5d9e91d6d4	0	0	0	0-Kein	0
e80a79a5f21675f3d3cc1e534abcd0ec	0	0	0	0-Kein	0
52c92621009707d27388113f08aef82c	0	0	0	0-Kein	0
793bea7306d803d6222f68c4b3eb4595	0	0	0	0-Kein	0
f80dd5d615030e23f914342c522354b3	0	0	0	0-Kein	0
d8b0e459f0e4462812ab3cfd7415359f	0	0	0	0-Kein	0
d9d90beaac85af5d1485af79fc43d1d9	0	1	0	0-Kein	1
607136d19cf9eca95b1dd2b9b700fe7e	0	0	0	0-Kein	0
f183e930fe00b8c2f82fe0109901d332	0	0	0	0-Kein	0
1221bdffba6016b7e0e067bdd7e9df83	1	1	1	4-Extrem	0
5fe862f7b6506b4c20fb61892cd4a206	0	0	0	0-Kein	0
5180ff4e431a84b8047c73e6586f7e68	0	1	0	0-Kein	1
d7ea06a0a9dd75bf58c08d2ad61f600b	0	0	0	0-Kein	0
20af1f58862d2741c1a918d7d4fbb014	1	1	1	4-Extrem	0
f778c09fbfd60bc5ff2f7404536c8ca8	0	0	0	0-Kein	0
83ecb688a363f878ccdc8b83ce4edd1d	0	0	0	0-Kein	0
5d081628dbab97d743cd08c04a22681b	0	0	0	0-Kein	0
aa6ab94cd9f8ef877b8cc8c092c1b37b	0	0	0	0-Kein	0
dfca3096c2b18c82ffc88e6fd838c6b7	0	1	0	0-Kein	1
b2ae34a3f1130216184d78787b629cc0	0	0	0	0-Kein	0
eea15a4f9be7e7f03d9b9c8d4c751d3a	0	0	0	0-Kein	0
7efc91e9c3c5e44fe75312a524fea007	0	0	0	0-Kein	0
9f2742ab9f6c42b7ea83ce49a3bd9dfc	0	0	0	0-Kein	0
ef1c87531d907331f23675cc29b13bed	0	0	0	0-Kein	0
d8a107488204ba307f22508c3d43f717	0	0	0	0-Kein	0
e9af1648218c5a7b7eaa0ae9831e711b	0	0	0	0-Kein	0
62faedd647507852063b6d3158459a76	0	0	0	0-Kein	0
3634c187cbeac6b05d1a065689ba9dab	0	0	0	0-Kein	0
74e5ae278350e2e38971407a6e345c0f	0	0	0	0-Kein	0
b7bdec7def65f103ca3eaca941d34f96	0	0	0	0-Kein	0
48b397c24e9a4438855b5739cb9cce8e	0	0	0	0-Kein	0
5ab086b5a842289584cb09b68974a259	0	0	0	0-Kein	0
a1d4b510fe7b339376f668a619b23172	1	1	1	4-Extrem	0
3fb26e488d0c33e53ba65830f6345960	0	0	0	0-Kein	0
7865aea370de82ebd17b11cc95e2892d	0	0	0	0-Kein	0
a933b926b80365d0c4a920e5f61450a1	0	0	0	0-Kein	0
2f7322c62b63ff74ec945bb38ed9f258	0	0	0	0-Kein	0
ec5fe35f542aac2f3155177dbf2731c2	0	0	0	0-Kein	0
6674986a02bab67b011df90cc7396a96	0	0	0	0-Kein	0
2a3774eba33afe18af2f0d312d081bb3	0	0	0	0-Kein	0
43891e25f522166dda98045a33563c05	0	0	0	0-Kein	0
